product,seller,sellerId,price,city,category
Product1,Seller2,1001,15.00,City2,Furniture
Product2,Seller3,1002,20.00,City3,Furniture
Product3,Seller4,1003,25.00,City4,Furniture
Product4,Seller5,1004,30.00,City5,Clothing
Product5,Seller6,1005,35.00,City6,Electronics
Product6,Seller7,1006,40.00,City7,Furniture
Product7,Seller8,1007,45.00,City8,Furniture
Product8,Seller9,1008,50.00,City9,Clothing
Product9,Seller10,1009,55.00,City10,Furniture
Product10,Seller1,1010,10.00,City11,Electronics
Product11,Seller2,1011,15.00,City12,Furniture
Product12,Seller3,1012,20.00,City13,Clothing
Product13,Seller4,1013,25.00,City14,Furniture
Product14,Seller5,1014,30.00,City15,Furniture
Product15,Seller6,1015,35.00,City16,Electronics
Product16,Seller7,1016,40.00,City17,Clothing
Product17,Seller8,1017,45.00,City18,Furniture
Product18,Seller9,1018,50.00,City19,Furniture
Product19,Seller10,1019,55.00,City20,Furniture
Product20,Seller1,1020,10.00,City1,Electronics
Product21,Seller2,1021,15.00,City2,Furniture
Product22,Seller3,1022,20.00,City3,Furniture
Product23,Seller4,1023,25.00,City4,Furniture
Product24,Seller5,1024,30.00,City5,Clothing
Product25,Seller6,1025,35.00,City6,Electronics
Product26,Seller7,1026,40.00,City7,Furniture
Product27,Seller8,1027,45.00,City8,Furniture
Product28,Seller9,1028,50.00,City9,Clothing
Product29,Seller10,1029,55.00,City10,Furniture
Product30,Seller1,1030,10.00,City11,Electronics
Product31,Seller2,1031,15.00,City12,Furniture
Product32,Seller3,1032,20.00,City13,Clothing
Product33,Seller4,1033,25.00,City14,Furniture
Product34,Seller5,1034,30.00,City15,Furniture
Product35,Seller6,1035,35.00,City16,Electronics
Product36,Seller7,1036,40.00,City17,Clothing
Product37,Seller8,1037,45.00,City18,Furniture
Product38,Seller9,1038,50.00,City19,Furniture
Product39,Seller10,1039,55.00,City20,Furniture
Product40,Seller1,1040,10.00,City1,Electronics
Product41,Seller2,1041,15.00,City2,Furniture
Product42,Seller3,1042,20.00,City3,Furniture
Product43,Seller4,1043,25.00,City4,Furniture
Product44,Seller5,1044,30.00,City5,Clothing
Product45,Seller6,1045,35.00,City6,Electronics
Product46,Seller7,1046,40.00,City7,Furniture
Product47,Seller8,1047,45.00,City8,Furniture
Product48,Seller9,1048,50.00,City9,Clothing
Product49,Seller10,1049,55.00,City10,Furniture
Product50,Seller1,1050,10.00,City11,Electronics
Product51,Seller2,1051,15.00,City12,Furniture
Product52,Seller3,1052,20.00,City13,Clothing
Product53,Seller4,1053,25.00,City14,Furniture
Product54,Seller5,1054,30.00,City15,Furniture
Product55,Seller6,1055,35.00,City16,Electronics
Product56,Seller7,1056,40.00,City17,Clothing
Product57,Seller8,1057,45.00,City18,Furniture
Product58,Seller9,1058,50.00,City19,Furniture
Product59,Seller10,1059,55.00,City20,Furniture
Product60,Seller1,1060,10.00,City1,Electronics
Product61,Seller2,1061,15.00,City2,Furniture
Product62,Seller3,1062,20.00,City3,Furniture
Product63,Seller4,1063,25.00,City4,Furniture
Product64,Seller5,1064,30.00,City5,Clothing
Product65,Seller6,1065,35.00,City6,Electronics
Product66,Seller7,1066,40.00,City7,Furniture
Product67,Seller8,1067,45.00,City8,Furniture
Product68,Seller9,1068,50.00,City9,Clothing
Product69,Seller10,1069,55.00,City10,Furniture
Product70,Seller1,1070,10.00,City11,Electronics
Product71,Seller2,1071,15.00,City12,Furniture
Product72,Seller3,1072,20.00,City13,Clothing
Product73,Seller4,1073,25.00,City14,Furniture
Product74,Seller5,1074,30.00,City15,Furniture
Product75,Seller6,1075,35.00,City16,Electronics
Product76,Seller7,1076,40.00,City17,Clothing
Product77,Seller8,1077,45.00,City18,Furniture
Product78,Seller9,1078,50.00,City19,Furniture
Product79,Seller10,1079,55.00,City20,Furniture
Product80,Seller1,1080,10.00,City1,Electronics
Product81,Seller2,1081,15.00,City2,Furniture
Product82,Seller3,1082,20.00,City3,Furniture
Product83,Seller4,1083,25.00,City4,Furniture
Product84,Seller5,1084,30.00,City5,Clothing
Product85,Seller6,1085,35.00,City6,Electronics
Product86,Seller7,1086,40.00,City7,Furniture
Product87,Seller8,1087,45.00,City8,Furniture
Product88,Seller9,1088,50.00,City9,Clothing
Product89,Seller10,1089,55.00,City10,Furniture
Product90,Seller1,1090,10.00,City11,Electronics
Product91,Seller2,1091,15.00,City12,Furniture
Product92,Seller3,1092,20.00,City13,Clothing
Product93,Seller4,1093,25.00,City14,Furniture
Product94,Seller5,1094,30.00,City15,Furniture
Product95,Seller6,1095,35.00,City16,Electronics
Product96,Seller7,1096,40.00,City17,Clothing
Product97,Seller8,1097,45.00,City18,Furniture
Product98,Seller9,1098,50.00,City19,Furniture
Product99,Seller10,1099,55.00,City20,Furniture
Product100,Seller1,1100,10.00,City1,Electronics
Product101,Seller2,1101,15.00,City2,Furniture
Product102,Seller3,1102,20.00,City3,Furniture
Product103,Seller4,1103,25.00,City4,Furniture
Product104,Seller5,1104,30.00,City5,Clothing
Product105,Seller6,1105,35.00,City6,Electronics
Product106,Seller7,1106,40.00,City7,Furniture
Product107,Seller8,1107,45.00,City8,Furniture
Product108,Seller9,1108,50.00,City9,Clothing
Product109,Seller10,1109,55.00,City10,Furniture
Product110,Seller1,1110,10.00,City11,Electronics
Product111,Seller2,1111,15.00,City12,Furniture
Product112,Seller3,1112,20.00,City13,Clothing
Product113,Seller4,1113,25.00,City14,Furniture
Product114,Seller5,1114,30.00,City15,Furniture
Product115,Seller6,1115,35.00,City16,Electronics
Product116,Seller7,1116,40.00,City17,Clothing
Product117,Seller8,1117,45.00,City18,Furniture
Product118,Seller9,1118,50.00,City19,Furniture
Product119,Seller10,1119,55.00,City20,Furniture
Product120,Seller1,1120,10.00,City1,Electronics
Product121,Seller2,1121,15.00,City2,Furniture
Product122,Seller3,1122,20.00,City3,Furniture
Product123,Seller4,1123,25.00,City4,Furniture
Product124,Seller5,1124,30.00,City5,Clothing
Product125,Seller6,1125,35.00,City6,Electronics
Product126,Seller7,1126,40.00,City7,Furniture
Product127,Seller8,1127,45.00,City8,Furniture
Product128,Seller9,1128,50.00,City9,Clothing
Product129,Seller10,1129,55.00,City10,Furniture
Product130,Seller1,1130,10.00,City11,Electronics
Product131,Seller2,1131,15.00,City12,Furniture
Product132,Seller3,1132,20.00,City13,Clothing
Product133,Seller4,1133,25.00,City14,Furniture
Product134,Seller5,1134,30.00,City15,Furniture
Product135,Seller6,1135,35.00,City16,Electronics
Product136,Seller7,1136,40.00,City17,Clothing
Product137,Seller8,1137,45.00,City18,Furniture
Product138,Seller9,1138,50.00,City19,Furniture
Product139,Seller10,1139,55.00,City20,Furniture
Product140,Seller1,1140,10.00,City1,Electronics
Product141,Seller2,1141,15.00,City2,Furniture
Product142,Seller3,1142,20.00,City3,Furniture
Product143,Seller4,1143,25.00,City4,Furniture
Product144,Seller5,1144,30.00,City5,Clothing
Product145,Seller6,1145,35.00,City6,Electronics
Product146,Seller7,1146,40.00,City7,Furniture
Product147,Seller8,1147,45.00,City8,Furniture
Product148,Seller9,1148,50.00,City9,Clothing
Product149,Seller10,1149,55.00,City10,Furniture
Product150,Seller1,1150,10.00,City11,Electronics
Product151,Seller2,1151,15.00,City12,Furniture
Product152,Seller3,1152,20.00,City13,Clothing
Product153,Seller4,1153,25.00,City14,Furniture
Product154,Seller5,1154,30.00,City15,Furniture
Product155,Seller6,1155,35.00,City16,Electronics
Product156,Seller7,1156,40.00,City17,Clothing
Product157,Seller8,1157,45.00,City18,Furniture
Product158,Seller9,1158,50.00,City19,Furniture
Product159,Seller10,1159,55.00,City20,Furniture
Product160,Seller1,1160,10.00,City1,Electronics
Product161,Seller2,1161,15.00,City2,Furniture
Product162,Seller3,1162,20.00,City3,Furniture
Product163,Seller4,1163,25.00,City4,Furniture
Product164,Seller5,1164,30.00,City5,Clothing
Product165,Seller6,1165,35.00,City6,Electronics
Product166,Seller7,1166,40.00,City7,Furniture
Product167,Seller8,1167,45.00,City8,Furniture
Product168,Seller9,1168,50.00,City9,Clothing
Product169,Seller10,1169,55.00,City10,Furniture
Product170,Seller1,1170,10.00,City11,Electronics
Product171,Seller2,1171,15.00,City12,Furniture
Product172,Seller3,1172,20.00,City13,Clothing
Product173,Seller4,1173,25.00,City14,Furniture
Product174,Seller5,1174,30.00,City15,Furniture
Product175,Seller6,1175,35.00,City16,Electronics
Product176,Seller7,1176,40.00,City17,Clothing
Product177,Seller8,1177,45.00,City18,Furniture
Product178,Seller9,1178,50.00,City19,Furniture
Product179,Seller10,1179,55.00,City20,Furniture
Product180,Seller1,1180,10.00,City1,Electronics
Product181,Seller2,1181,15.00,City2,Furniture
Product182,Seller3,1182,20.00,City3,Furniture
Product183,Seller4,1183,25.00,City4,Furniture
Product184,Seller5,1184,30.00,City5,Clothing
Product185,Seller6,1185,35.00,City6,Electronics
Product186,Seller7,1186,40.00,City7,Furniture
Product187,Seller8,1187,45.00,City8,Furniture
Product188,Seller9,1188,50.00,City9,Clothing
Product189,Seller10,1189,55.00,City10,Furniture
Product190,Seller1,1190,10.00,City11,Electronics
Product191,Seller2,1191,15.00,City12,Furniture
Product192,Seller3,1192,20.00,City13,Clothing
Product193,Seller4,1193,25.00,City14,Furniture
Product194,Seller5,1194,30.00,City15,Furniture
Product195,Seller6,1195,35.00,City16,Electronics
Product196,Seller7,1196,40.00,City17,Clothing
Product197,Seller8,1197,45.00,City18,Furniture
Product198,Seller9,1198,50.00,City19,Furniture
Product199,Seller10,1199,55.00,City20,Furniture
Product200,Seller1,1200,10.00,City1,Electronics
Product201,Seller2,1201,15.00,City2,Furniture
Product202,Seller3,1202,20.00,City3,Furniture
Product203,Seller4,1203,25.00,City4,Furniture
Product204,Seller5,1204,30.00,City5,Clothing
Product205,Seller6,1205,35.00,City6,Electronics
Product206,Seller7,1206,40.00,City7,Furniture
Product207,Seller8,1207,45.00,City8,Furniture
Product208,Seller9,1208,50.00,City9,Clothing
Product209,Seller10,1209,55.00,City10,Furniture
Product210,Seller1,1210,10.00,City11,Electronics
Product211,Seller2,1211,15.00,City12,Furniture
Product212,Seller3,1212,20.00,City13,Clothing
Product213,Seller4,1213,25.00,City14,Furniture
Product214,Seller5,1214,30.00,City15,Furniture
Product215,Seller6,1215,35.00,City16,Electronics
Product216,Seller7,1216,40.00,City17,Clothing
Product217,Seller8,1217,45.00,City18,Furniture
Product218,Seller9,1218,50.00,City19,Furniture
Product219,Seller10,1219,55.00,City20,Furniture
Product220,Seller1,1220,10.00,City1,Electronics
Product221,Seller2,1221,15.00,City2,Furniture
Product222,Seller3,1222,20.00,City3,Furniture
Product223,Seller4,1223,25.00,City4,Furniture
Product224,Seller5,1224,30.00,City5,Clothing
Product225,Seller6,1225,35.00,City6,Electronics
Product226,Seller7,1226,40.00,City7,Furniture
Product227,Seller8,1227,45.00,City8,Furniture
Product228,Seller9,1228,50.00,City9,Clothing
Product229,Seller10,1229,55.00,City10,Furniture
Product230,Seller1,1230,10.00,City11,Electronics
Product231,Seller2,1231,15.00,City12,Furniture
Product232,Seller3,1232,20.00,City13,Clothing
Product233,Seller4,1233,25.00,City14,Furniture
Product234,Seller5,1234,30.00,City15,Furniture
Product235,Seller6,1235,35.00,City16,Electronics
Product236,Seller7,1236,40.00,City17,Clothing
Product237,Seller8,1237,45.00,City18,Furniture
Product238,Seller9,1238,50.00,City19,Furniture
Product239,Seller10,1239,55.00,City20,Furniture
Product240,Seller1,1240,10.00,City1,Electronics
Product241,Seller2,1241,15.00,City2,Furniture
Product242,Seller3,1242,20.00,City3,Furniture
Product243,Seller4,1243,25.00,City4,Furniture
Product244,Seller5,1244,30.00,City5,Clothing
Product245,Seller6,1245,35.00,City6,Electronics
Product246,Seller7,1246,40.00,City7,Furniture
Product247,Seller8,1247,45.00,City8,Furniture
Product248,Seller9,1248,50.00,City9,Clothing
Product249,Seller10,1249,55.00,City10,Furniture
Product250,Seller1,1250,10.00,City11,Electronics
Product251,Seller2,1251,15.00,City12,Furniture
Product252,Seller3,1252,20.00,City13,Clothing
Product253,Seller4,1253,25.00,City14,Furniture
Product254,Seller5,1254,30.00,City15,Furniture
Product255,Seller6,1255,35.00,City16,Electronics
Product256,Seller7,1256,40.00,City17,Clothing
Product257,Seller8,1257,45.00,City18,Furniture
Product258,Seller9,1258,50.00,City19,Furniture
Product259,Seller10,1259,55.00,City20,Furniture
Product260,Seller1,1260,10.00,City1,Electronics
Product261,Seller2,1261,15.00,City2,Furniture
Product262,Seller3,1262,20.00,City3,Furniture
Product263,Seller4,1263,25.00,City4,Furniture
Product264,Seller5,1264,30.00,City5,Clothing
Product265,Seller6,1265,35.00,City6,Electronics
Product266,Seller7,1266,40.00,City7,Furniture
Product267,Seller8,1267,45.00,City8,Furniture
Product268,Seller9,1268,50.00,City9,Clothing
Product269,Seller10,1269,55.00,City10,Furniture
Product270,Seller1,1270,10.00,City11,Electronics
Product271,Seller2,1271,15.00,City12,Furniture
Product272,Seller3,1272,20.00,City13,Clothing
Product273,Seller4,1273,25.00,City14,Furniture
Product274,Seller5,1274,30.00,City15,Furniture
Product275,Seller6,1275,35.00,City16,Electronics
Product276,Seller7,1276,40.00,City17,Clothing
Product277,Seller8,1277,45.00,City18,Furniture
Product278,Seller9,1278,50.00,City19,Furniture
Product279,Seller10,1279,55.00,City20,Furniture
Product280,Seller1,1280,10.00,City1,Electronics
Product281,Seller2,1281,15.00,City2,Furniture
Product282,Seller3,1282,20.00,City3,Furniture
Product283,Seller4,1283,25.00,City4,Furniture
Product284,Seller5,1284,30.00,City5,Clothing
Product285,Seller6,1285,35.00,City6,Electronics
Product286,Seller7,1286,40.00,City7,Furniture
Product287,Seller8,1287,45.00,City8,Furniture
Product288,Seller9,1288,50.00,City9,Clothing
Product289,Seller10,1289,55.00,City10,Furniture
Product290,Seller1,1290,10.00,City11,Electronics
Product291,Seller2,1291,15.00,City12,Furniture
Product292,Seller3,1292,20.00,City13,Clothing
Product293,Seller4,1293,25.00,City14,Furniture
Product294,Seller5,1294,30.00,City15,Furniture
Product295,Seller6,1295,35.00,City16,Electronics
Product296,Seller7,1296,40.00,City17,Clothing
Product297,Seller8,1297,45.00,City18,Furniture
Product298,Seller9,1298,50.00,City19,Furniture
Product299,Seller10,1299,55.00,City20,Furniture
Product300,Seller1,1300,10.00,City1,Electronics
Product301,Seller2,1301,15.00,City2,Furniture
Product302,Seller3,1302,20.00,City3,Furniture
Product303,Seller4,1303,25.00,City4,Furniture
Product304,Seller5,1304,30.00,City5,Clothing
Product305,Seller6,1305,35.00,City6,Electronics
Product306,Seller7,1306,40.00,City7,Furniture
Product307,Seller8,1307,45.00,City8,Furniture
Product308,Seller9,1308,50.00,City9,Clothing
Product309,Seller10,1309,55.00,City10,Furniture
Product310,Seller1,1310,10.00,City11,Electronics
Product311,Seller2,1311,15.00,City12,Furniture
Product312,Seller3,1312,20.00,City13,Clothing
Product313,Seller4,1313,25.00,City14,Furniture
Product314,Seller5,1314,30.00,City15,Furniture
Product315,Seller6,1315,35.00,City16,Electronics
Product316,Seller7,1316,40.00,City17,Clothing
Product317,Seller8,1317,45.00,City18,Furniture
Product318,Seller9,1318,50.00,City19,Furniture
Product319,Seller10,1319,55.00,City20,Furniture
Product320,Seller1,1320,10.00,City1,Electronics
Product321,Seller2,1321,15.00,City2,Furniture
Product322,Seller3,1322,20.00,City3,Furniture
Product323,Seller4,1323,25.00,City4,Furniture
Product324,Seller5,1324,30.00,City5,Clothing
Product325,Seller6,1325,35.00,City6,Electronics
Product326,Seller7,1326,40.00,City7,Furniture
Product327,Seller8,1327,45.00,City8,Furniture
Product328,Seller9,1328,50.00,City9,Clothing
Product329,Seller10,1329,55.00,City10,Furniture
Product330,Seller1,1330,10.00,City11,Electronics
Product331,Seller2,1331,15.00,City12,Furniture
Product332,Seller3,1332,20.00,City13,Clothing
Product333,Seller4,1333,25.00,City14,Furniture
Product334,Seller5,1334,30.00,City15,Furniture
Product335,Seller6,1335,35.00,City16,Electronics
Product336,Seller7,1336,40.00,City17,Clothing
Product337,Seller8,1337,45.00,City18,Furniture
Product338,Seller9,1338,50.00,City19,Furniture
Product339,Seller10,1339,55.00,City20,Furniture
Product340,Seller1,1340,10.00,City1,Electronics
Product341,Seller2,1341,15.00,City2,Furniture
Product342,Seller3,1342,20.00,City3,Furniture
Product343,Seller4,1343,25.00,City4,Furniture
Product344,Seller5,1344,30.00,City5,Clothing
Product345,Seller6,1345,35.00,City6,Electronics
Product346,Seller7,1346,40.00,City7,Furniture
Product347,Seller8,1347,45.00,City8,Furniture
Product348,Seller9,1348,50.00,City9,Clothing
Product349,Seller10,1349,55.00,City10,Furniture
Product350,Seller1,1350,10.00,City11,Electronics
Product351,Seller2,1351,15.00,City12,Furniture
Product352,Seller3,1352,20.00,City13,Clothing
Product353,Seller4,1353,25.00,City14,Furniture
Product354,Seller5,1354,30.00,City15,Furniture
Product355,Seller6,1355,35.00,City16,Electronics
Product356,Seller7,1356,40.00,City17,Clothing
Product357,Seller8,1357,45.00,City18,Furniture
Product358,Seller9,1358,50.00,City19,Furniture
Product359,Seller10,1359,55.00,City20,Furniture
Product360,Seller1,1360,10.00,City1,Electronics
Product361,Seller2,1361,15.00,City2,Furniture
Product362,Seller3,1362,20.00,City3,Furniture
Product363,Seller4,1363,25.00,City4,Furniture
Product364,Seller5,1364,30.00,City5,Clothing
Product365,Seller6,1365,35.00,City6,Electronics
Product366,Seller7,1366,40.00,City7,Furniture
Product367,Seller8,1367,45.00,City8,Furniture
Product368,Seller9,1368,50.00,City9,Clothing
Product369,Seller10,1369,55.00,City10,Furniture
Product370,Seller1,1370,10.00,City11,Electronics
Product371,Seller2,1371,15.00,City12,Furniture
Product372,Seller3,1372,20.00,City13,Clothing
Product373,Seller4,1373,25.00,City14,Furniture
Product374,Seller5,1374,30.00,City15,Furniture
Product375,Seller6,1375,35.00,City16,Electronics
Product376,Seller7,1376,40.00,City17,Clothing
Product377,Seller8,1377,45.00,City18,Furniture
Product378,Seller9,1378,50.00,City19,Furniture
Product379,Seller10,1379,55.00,City20,Furniture
Product380,Seller1,1380,10.00,City1,Electronics
Product381,Seller2,1381,15.00,City2,Furniture
Product382,Seller3,1382,20.00,City3,Furniture
Product383,Seller4,1383,25.00,City4,Furniture
Product384,Seller5,1384,30.00,City5,Clothing
Product385,Seller6,1385,35.00,City6,Electronics
Product386,Seller7,1386,40.00,City7,Furniture
Product387,Seller8,1387,45.00,City8,Furniture
Product388,Seller9,1388,50.00,City9,Clothing
Product389,Seller10,1389,55.00,City10,Furniture
Product390,Seller1,1390,10.00,City11,Electronics
Product391,Seller2,1391,15.00,City12,Furniture
Product392,Seller3,1392,20.00,City13,Clothing
Product393,Seller4,1393,25.00,City14,Furniture
Product394,Seller5,1394,30.00,City15,Furniture
Product395,Seller6,1395,35.00,City16,Electronics
Product396,Seller7,1396,40.00,City17,Clothing
Product397,Seller8,1397,45.00,City18,Furniture
Product398,Seller9,1398,50.00,City19,Furniture
Product399,Seller10,1399,55.00,City20,Furniture
Product400,Seller1,1400,10.00,City1,Electronics
Product401,Seller2,1401,15.00,City2,Furniture
Product402,Seller3,1402,20.00,City3,Furniture
Product403,Seller4,1403,25.00,City4,Furniture
Product404,Seller5,1404,30.00,City5,Clothing
Product405,Seller6,1405,35.00,City6,Electronics
Product406,Seller7,1406,40.00,City7,Furniture
Product407,Seller8,1407,45.00,City8,Furniture
Product408,Seller9,1408,50.00,City9,Clothing
Product409,Seller10,1409,55.00,City10,Furniture
Product410,Seller1,1410,10.00,City11,Electronics
Product411,Seller2,1411,15.00,City12,Furniture
Product412,Seller3,1412,20.00,City13,Clothing
Product413,Seller4,1413,25.00,City14,Furniture
Product414,Seller5,1414,30.00,City15,Furniture
Product415,Seller6,1415,35.00,City16,Electronics
Product416,Seller7,1416,40.00,City17,Clothing
Product417,Seller8,1417,45.00,City18,Furniture
Product418,Seller9,1418,50.00,City19,Furniture
Product419,Seller10,1419,55.00,City20,Furniture
Product420,Seller1,1420,10.00,City1,Electronics
Product421,Seller2,1421,15.00,City2,Furniture
Product422,Seller3,1422,20.00,City3,Furniture
Product423,Seller4,1423,25.00,City4,Furniture
Product424,Seller5,1424,30.00,City5,Clothing
Product425,Seller6,1425,35.00,City6,Electronics
Product426,Seller7,1426,40.00,City7,Furniture
Product427,Seller8,1427,45.00,City8,Furniture
Product428,Seller9,1428,50.00,City9,Clothing
Product429,Seller10,1429,55.00,City10,Furniture
Product430,Seller1,1430,10.00,City11,Electronics
Product431,Seller2,1431,15.00,City12,Furniture
Product432,Seller3,1432,20.00,City13,Clothing
Product433,Seller4,1433,25.00,City14,Furniture
Product434,Seller5,1434,30.00,City15,Furniture
Product435,Seller6,1435,35.00,City16,Electronics
Product436,Seller7,1436,40.00,City17,Clothing
Product437,Seller8,1437,45.00,City18,Furniture
Product438,Seller9,1438,50.00,City19,Furniture
Product439,Seller10,1439,55.00,City20,Furniture
Product440,Seller1,1440,10.00,City1,Electronics
Product441,Seller2,1441,15.00,City2,Furniture
Product442,Seller3,1442,20.00,City3,Furniture
Product443,Seller4,1443,25.00,City4,Furniture
Product444,Seller5,1444,30.00,City5,Clothing
Product445,Seller6,1445,35.00,City6,Electronics
Product446,Seller7,1446,40.00,City7,Furniture
Product447,Seller8,1447,45.00,City8,Furniture
Product448,Seller9,1448,50.00,City9,Clothing
Product449,Seller10,1449,55.00,City10,Furniture
Product450,Seller1,1450,10.00,City11,Electronics
Product451,Seller2,1451,15.00,City12,Furniture
Product452,Seller3,1452,20.00,City13,Clothing
Product453,Seller4,1453,25.00,City14,Furniture
Product454,Seller5,1454,30.00,City15,Furniture
Product455,Seller6,1455,35.00,City16,Electronics
Product456,Seller7,1456,40.00,City17,Clothing
Product457,Seller8,1457,45.00,City18,Furniture
Product458,Seller9,1458,50.00,City19,Furniture
Product459,Seller10,1459,55.00,City20,Furniture
Product460,Seller1,1460,10.00,City1,Electronics
Product461,Seller2,1461,15.00,City2,Furniture
Product462,Seller3,1462,20.00,City3,Furniture
Product463,Seller4,1463,25.00,City4,Furniture
Product464,Seller5,1464,30.00,City5,Clothing
Product465,Seller6,1465,35.00,City6,Electronics
Product466,Seller7,1466,40.00,City7,Furniture
Product467,Seller8,1467,45.00,City8,Furniture
Product468,Seller9,1468,50.00,City9,Clothing
Product469,Seller10,1469,55.00,City10,Furniture
Product470,Seller1,1470,10.00,City11,Electronics
Product471,Seller2,1471,15.00,City12,Furniture
Product472,Seller3,1472,20.00,City13,Clothing
Product473,Seller4,1473,25.00,City14,Furniture
Product474,Seller5,1474,30.00,City15,Furniture
Product475,Seller6,1475,35.00,City16,Electronics
Product476,Seller7,1476,40.00,City17,Clothing
Product477,Seller8,1477,45.00,City18,Furniture
Product478,Seller9,1478,50.00,City19,Furniture
Product479,Seller10,1479,55.00,City20,Furniture
Product480,Seller1,1480,10.00,City1,Electronics
Product481,Seller2,1481,15.00,City2,Furniture
Product482,Seller3,1482,20.00,City3,Furniture
Product483,Seller4,1483,25.00,City4,Furniture
Product484,Seller5,1484,30.00,City5,Clothing
Product485,Seller6,1485,35.00,City6,Electronics
Product486,Seller7,1486,40.00,City7,Furniture
Product487,Seller8,1487,45.00,City8,Furniture
Product488,Seller9,1488,50.00,City9,Clothing
Product489,Seller10,1489,55.00,City10,Furniture
Product490,Seller1,1490,10.00,City11,Electronics
Product491,Seller2,1491,15.00,City12,Furniture
Product492,Seller3,1492,20.00,City13,Clothing
Product493,Seller4,1493,25.00,City14,Furniture
Product494,Seller5,1494,30.00,City15,Furniture
Product495,Seller6,1495,35.00,City16,Electronics
Product496,Seller7,1496,40.00,City17,Clothing
Product497,Seller8,1497,45.00,City18,Furniture
Product498,Seller9,1498,50.00,City19,Furniture
Product499,Seller10,1499,55.00,City20,Furniture
Product500,Seller1,1500,10.00,City1,Electronics
Product501,Seller2,1501,15.00,City2,Furniture
Product502,Seller3,1502,20.00,City3,Furniture
Product503,Seller4,1503,25.00,City4,Furniture
Product504,Seller5,1504,30.00,City5,Clothing
Product505,Seller6,1505,35.00,City6,Electronics
Product506,Seller7,1506,40.00,City7,Furniture
Product507,Seller8,1507,45.00,City8,Furniture
Product508,Seller9,1508,50.00,City9,Clothing
Product509,Seller10,1509,55.00,City10,Furniture
Product510,Seller1,1510,10.00,City11,Electronics
Product511,Seller2,1511,15.00,City12,Furniture
Product512,Seller3,1512,20.00,City13,Clothing
Product513,Seller4,1513,25.00,City14,Furniture
Product514,Seller5,1514,30.00,City15,Furniture
Product515,Seller6,1515,35.00,City16,Electronics
Product516,Seller7,1516,40.00,City17,Clothing
Product517,Seller8,1517,45.00,City18,Furniture
Product518,Seller9,1518,50.00,City19,Furniture
Product519,Seller10,1519,55.00,City20,Furniture
Product520,Seller1,1520,10.00,City1,Electronics
Product521,Seller2,1521,15.00,City2,Furniture
Product522,Seller3,1522,20.00,City3,Furniture
Product523,Seller4,1523,25.00,City4,Furniture
Product524,Seller5,1524,30.00,City5,Clothing
Product525,Seller6,1525,35.00,City6,Electronics
Product526,Seller7,1526,40.00,City7,Furniture
Product527,Seller8,1527,45.00,City8,Furniture
Product528,Seller9,1528,50.00,City9,Clothing
Product529,Seller10,1529,55.00,City10,Furniture
Product530,Seller1,1530,10.00,City11,Electronics
Product531,Seller2,1531,15.00,City12,Furniture
Product532,Seller3,1532,20.00,City13,Clothing
Product533,Seller4,1533,25.00,City14,Furniture
Product534,Seller5,1534,30.00,City15,Furniture
Product535,Seller6,1535,35.00,City16,Electronics
Product536,Seller7,1536,40.00,City17,Clothing
Product537,Seller8,1537,45.00,City18,Furniture
Product538,Seller9,1538,50.00,City19,Furniture
Product539,Seller10,1539,55.00,City20,Furniture
Product540,Seller1,1540,10.00,City1,Electronics
Product541,Seller2,1541,15.00,City2,Furniture
Product542,Seller3,1542,20.00,City3,Furniture
Product543,Seller4,1543,25.00,City4,Furniture
Product544,Seller5,1544,30.00,City5,Clothing
Product545,Seller6,1545,35.00,City6,Electronics
Product546,Seller7,1546,40.00,City7,Furniture
Product547,Seller8,1547,45.00,City8,Furniture
Product548,Seller9,1548,50.00,City9,Clothing
Product549,Seller10,1549,55.00,City10,Furniture
Product550,Seller1,1550,10.00,City11,Electronics
Product551,Seller2,1551,15.00,City12,Furniture
Product552,Seller3,1552,20.00,City13,Clothing
Product553,Seller4,1553,25.00,City14,Furniture
Product554,Seller5,1554,30.00,City15,Furniture
Product555,Seller6,1555,35.00,City16,Electronics
Product556,Seller7,1556,40.00,City17,Clothing
Product557,Seller8,1557,45.00,City18,Furniture
Product558,Seller9,1558,50.00,City19,Furniture
Product559,Seller10,1559,55.00,City20,Furniture
Product560,Seller1,1560,10.00,City1,Electronics
Product561,Seller2,1561,15.00,City2,Furniture
Product562,Seller3,1562,20.00,City3,Furniture
Product563,Seller4,1563,25.00,City4,Furniture
Product564,Seller5,1564,30.00,City5,Clothing
Product565,Seller6,1565,35.00,City6,Electronics
Product566,Seller7,1566,40.00,City7,Furniture
Product567,Seller8,1567,45.00,City8,Furniture
Product568,Seller9,1568,50.00,City9,Clothing
Product569,Seller10,1569,55.00,City10,Furniture
Product570,Seller1,1570,10.00,City11,Electronics
Product571,Seller2,1571,15.00,City12,Furniture
Product572,Seller3,1572,20.00,City13,Clothing
Product573,Seller4,1573,25.00,City14,Furniture
Product574,Seller5,1574,30.00,City15,Furniture
Product575,Seller6,1575,35.00,City16,Electronics
Product576,Seller7,1576,40.00,City17,Clothing
Product577,Seller8,1577,45.00,City18,Furniture
Product578,Seller9,1578,50.00,City19,Furniture
Product579,Seller10,1579,55.00,City20,Furniture
Product580,Seller1,1580,10.00,City1,Electronics
Product581,Seller2,1581,15.00,City2,Furniture
Product582,Seller3,1582,20.00,City3,Furniture
Product583,Seller4,1583,25.00,City4,Furniture
Product584,Seller5,1584,30.00,City5,Clothing
Product585,Seller6,1585,35.00,City6,Electronics
Product586,Seller7,1586,40.00,City7,Furniture
Product587,Seller8,1587,45.00,City8,Furniture
Product588,Seller9,1588,50.00,City9,Clothing
Product589,Seller10,1589,55.00,City10,Furniture
Product590,Seller1,1590,10.00,City11,Electronics
Product591,Seller2,1591,15.00,City12,Furniture
Product592,Seller3,1592,20.00,City13,Clothing
Product593,Seller4,1593,25.00,City14,Furniture
Product594,Seller5,1594,30.00,City15,Furniture
Product595,Seller6,1595,35.00,City16,Electronics
Product596,Seller7,1596,40.00,City17,Clothing
Product597,Seller8,1597,45.00,City18,Furniture
Product598,Seller9,1598,50.00,City19,Furniture
Product599,Seller10,1599,55.00,City20,Furniture
Product600,Seller1,1600,10.00,City1,Electronics
Product601,Seller2,1601,15.00,City2,Furniture
Product602,Seller3,1602,20.00,City3,Furniture
Product603,Seller4,1603,25.00,City4,Furniture
Product604,Seller5,1604,30.00,City5,Clothing
Product605,Seller6,1605,35.00,City6,Electronics
Product606,Seller7,1606,40.00,City7,Furniture
Product607,Seller8,1607,45.00,City8,Furniture
Product608,Seller9,1608,50.00,City9,Clothing
Product609,Seller10,1609,55.00,City10,Furniture
Product610,Seller1,1610,10.00,City11,Electronics
Product611,Seller2,1611,15.00,City12,Furniture
Product612,Seller3,1612,20.00,City13,Clothing
Product613,Seller4,1613,25.00,City14,Furniture
Product614,Seller5,1614,30.00,City15,Furniture
Product615,Seller6,1615,35.00,City16,Electronics
Product616,Seller7,1616,40.00,City17,Clothing
Product617,Seller8,1617,45.00,City18,Furniture
Product618,Seller9,1618,50.00,City19,Furniture
Product619,Seller10,1619,55.00,City20,Furniture
Product620,Seller1,1620,10.00,City1,Electronics
Product621,Seller2,1621,15.00,City2,Furniture
Product622,Seller3,1622,20.00,City3,Furniture
Product623,Seller4,1623,25.00,City4,Furniture
Product624,Seller5,1624,30.00,City5,Clothing
Product625,Seller6,1625,35.00,City6,Electronics
Product626,Seller7,1626,40.00,City7,Furniture
Product627,Seller8,1627,45.00,City8,Furniture
Product628,Seller9,1628,50.00,City9,Clothing
Product629,Seller10,1629,55.00,City10,Furniture
Product630,Seller1,1630,10.00,City11,Electronics
Product631,Seller2,1631,15.00,City12,Furniture
Product632,Seller3,1632,20.00,City13,Clothing
Product633,Seller4,1633,25.00,City14,Furniture
Product634,Seller5,1634,30.00,City15,Furniture
Product635,Seller6,1635,35.00,City16,Electronics
Product636,Seller7,1636,40.00,City17,Clothing
Product637,Seller8,1637,45.00,City18,Furniture
Product638,Seller9,1638,50.00,City19,Furniture
Product639,Seller10,1639,55.00,City20,Furniture
Product640,Seller1,1640,10.00,City1,Electronics
Product641,Seller2,1641,15.00,City2,Furniture
Product642,Seller3,1642,20.00,City3,Furniture
Product643,Seller4,1643,25.00,City4,Furniture
Product644,Seller5,1644,30.00,City5,Clothing
Product645,Seller6,1645,35.00,City6,Electronics
Product646,Seller7,1646,40.00,City7,Furniture
Product647,Seller8,1647,45.00,City8,Furniture
Product648,Seller9,1648,50.00,City9,Clothing
Product649,Seller10,1649,55.00,City10,Furniture
Product650,Seller1,1650,10.00,City11,Electronics
Product651,Seller2,1651,15.00,City12,Furniture
Product652,Seller3,1652,20.00,City13,Clothing
Product653,Seller4,1653,25.00,City14,Furniture
Product654,Seller5,1654,30.00,City15,Furniture
Product655,Seller6,1655,35.00,City16,Electronics
Product656,Seller7,1656,40.00,City17,Clothing
Product657,Seller8,1657,45.00,City18,Furniture
Product658,Seller9,1658,50.00,City19,Furniture
Product659,Seller10,1659,55.00,City20,Furniture
Product660,Seller1,1660,10.00,City1,Electronics
Product661,Seller2,1661,15.00,City2,Furniture
Product662,Seller3,1662,20.00,City3,Furniture
Product663,Seller4,1663,25.00,City4,Furniture
Product664,Seller5,1664,30.00,City5,Clothing
Product665,Seller6,1665,35.00,City6,Electronics
Product666,Seller7,1666,40.00,City7,Furniture
Product667,Seller8,1667,45.00,City8,Furniture
Product668,Seller9,1668,50.00,City9,Clothing
Product669,Seller10,1669,55.00,City10,Furniture
Product670,Seller1,1670,10.00,City11,Electronics
Product671,Seller2,1671,15.00,City12,Furniture
Product672,Seller3,1672,20.00,City13,Clothing
Product673,Seller4,1673,25.00,City14,Furniture
Product674,Seller5,1674,30.00,City15,Furniture
Product675,Seller6,1675,35.00,City16,Electronics
Product676,Seller7,1676,40.00,City17,Clothing
Product677,Seller8,1677,45.00,City18,Furniture
Product678,Seller9,1678,50.00,City19,Furniture
Product679,Seller10,1679,55.00,City20,Furniture
Product680,Seller1,1680,10.00,City1,Electronics
Product681,Seller2,1681,15.00,City2,Furniture
Product682,Seller3,1682,20.00,City3,Furniture
Product683,Seller4,1683,25.00,City4,Furniture
Product684,Seller5,1684,30.00,City5,Clothing
Product685,Seller6,1685,35.00,City6,Electronics
Product686,Seller7,1686,40.00,City7,Furniture
Product687,Seller8,1687,45.00,City8,Furniture
Product688,Seller9,1688,50.00,City9,Clothing
Product689,Seller10,1689,55.00,City10,Furniture
Product690,Seller1,1690,10.00,City11,Electronics
Product691,Seller2,1691,15.00,City12,Furniture
Product692,Seller3,1692,20.00,City13,Clothing
Product693,Seller4,1693,25.00,City14,Furniture
Product694,Seller5,1694,30.00,City15,Furniture
Product695,Seller6,1695,35.00,City16,Electronics
Product696,Seller7,1696,40.00,City17,Clothing
Product697,Seller8,1697,45.00,City18,Furniture
Product698,Seller9,1698,50.00,City19,Furniture
Product699,Seller10,1699,55.00,City20,Furniture
Product700,Seller1,1700,10.00,City1,Electronics
Product701,Seller2,1701,15.00,City2,Furniture
Product702,Seller3,1702,20.00,City3,Furniture
Product703,Seller4,1703,25.00,City4,Furniture
Product704,Seller5,1704,30.00,City5,Clothing
Product705,Seller6,1705,35.00,City6,Electronics
Product706,Seller7,1706,40.00,City7,Furniture
Product707,Seller8,1707,45.00,City8,Furniture
Product708,Seller9,1708,50.00,City9,Clothing
Product709,Seller10,1709,55.00,City10,Furniture
Product710,Seller1,1710,10.00,City11,Electronics
Product711,Seller2,1711,15.00,City12,Furniture
Product712,Seller3,1712,20.00,City13,Clothing
Product713,Seller4,1713,25.00,City14,Furniture
Product714,Seller5,1714,30.00,City15,Furniture
Product715,Seller6,1715,35.00,City16,Electronics
Product716,Seller7,1716,40.00,City17,Clothing
Product717,Seller8,1717,45.00,City18,Furniture
Product718,Seller9,1718,50.00,City19,Furniture
Product719,Seller10,1719,55.00,City20,Furniture
Product720,Seller1,1720,10.00,City1,Electronics
Product721,Seller2,1721,15.00,City2,Furniture
Product722,Seller3,1722,20.00,City3,Furniture
Product723,Seller4,1723,25.00,City4,Furniture
Product724,Seller5,1724,30.00,City5,Clothing
Product725,Seller6,1725,35.00,City6,Electronics
Product726,Seller7,1726,40.00,City7,Furniture
Product727,Seller8,1727,45.00,City8,Furniture
Product728,Seller9,1728,50.00,City9,Clothing
Product729,Seller10,1729,55.00,City10,Furniture
Product730,Seller1,1730,10.00,City11,Electronics
Product731,Seller2,1731,15.00,City12,Furniture
Product732,Seller3,1732,20.00,City13,Clothing
Product733,Seller4,1733,25.00,City14,Furniture
Product734,Seller5,1734,30.00,City15,Furniture
Product735,Seller6,1735,35.00,City16,Electronics
Product736,Seller7,1736,40.00,City17,Clothing
Product737,Seller8,1737,45.00,City18,Furniture
Product738,Seller9,1738,50.00,City19,Furniture
Product739,Seller10,1739,55.00,City20,Furniture
Product740,Seller1,1740,10.00,City1,Electronics
Product741,Seller2,1741,15.00,City2,Furniture
Product742,Seller3,1742,20.00,City3,Furniture
Product743,Seller4,1743,25.00,City4,Furniture
Product744,Seller5,1744,30.00,City5,Clothing
Product745,Seller6,1745,35.00,City6,Electronics
Product746,Seller7,1746,40.00,City7,Furniture
Product747,Seller8,1747,45.00,City8,Furniture
Product748,Seller9,1748,50.00,City9,Clothing
Product749,Seller10,1749,55.00,City10,Furniture
Product750,Seller1,1750,10.00,City11,Electronics
Product751,Seller2,1751,15.00,City12,Furniture
Product752,Seller3,1752,20.00,City13,Clothing
Product753,Seller4,1753,25.00,City14,Furniture
Product754,Seller5,1754,30.00,City15,Furniture
Product755,Seller6,1755,35.00,City16,Electronics
Product756,Seller7,1756,40.00,City17,Clothing
Product757,Seller8,1757,45.00,City18,Furniture
Product758,Seller9,1758,50.00,City19,Furniture
Product759,Seller10,1759,55.00,City20,Furniture
Product760,Seller1,1760,10.00,City1,Electronics
Product761,Seller2,1761,15.00,City2,Furniture
Product762,Seller3,1762,20.00,City3,Furniture
Product763,Seller4,1763,25.00,City4,Furniture
Product764,Seller5,1764,30.00,City5,Clothing
Product765,Seller6,1765,35.00,City6,Electronics
Product766,Seller7,1766,40.00,City7,Furniture
Product767,Seller8,1767,45.00,City8,Furniture
Product768,Seller9,1768,50.00,City9,Clothing
Product769,Seller10,1769,55.00,City10,Furniture
Product770,Seller1,1770,10.00,City11,Electronics
Product771,Seller2,1771,15.00,City12,Furniture
Product772,Seller3,1772,20.00,City13,Clothing
Product773,Seller4,1773,25.00,City14,Furniture
Product774,Seller5,1774,30.00,City15,Furniture
Product775,Seller6,1775,35.00,City16,Electronics
Product776,Seller7,1776,40.00,City17,Clothing
Product777,Seller8,1777,45.00,City18,Furniture
Product778,Seller9,1778,50.00,City19,Furniture
Product779,Seller10,1779,55.00,City20,Furniture
Product780,Seller1,1780,10.00,City1,Electronics
Product781,Seller2,1781,15.00,City2,Furniture
Product782,Seller3,1782,20.00,City3,Furniture
Product783,Seller4,1783,25.00,City4,Furniture
Product784,Seller5,1784,30.00,City5,Clothing
Product785,Seller6,1785,35.00,City6,Electronics
Product786,Seller7,1786,40.00,City7,Furniture
Product787,Seller8,1787,45.00,City8,Furniture
Product788,Seller9,1788,50.00,City9,Clothing
Product789,Seller10,1789,55.00,City10,Furniture
Product790,Seller1,1790,10.00,City11,Electronics
Product791,Seller2,1791,15.00,City12,Furniture
Product792,Seller3,1792,20.00,City13,Clothing
Product793,Seller4,1793,25.00,City14,Furniture
Product794,Seller5,1794,30.00,City15,Furniture
Product795,Seller6,1795,35.00,City16,Electronics
Product796,Seller7,1796,40.00,City17,Clothing
Product797,Seller8,1797,45.00,City18,Furniture
Product798,Seller9,1798,50.00,City19,Furniture
Product799,Seller10,1799,55.00,City20,Furniture
Product800,Seller1,1800,10.00,City1,Electronics
Product801,Seller2,1801,15.00,City2,Furniture
Product802,Seller3,1802,20.00,City3,Furniture
Product803,Seller4,1803,25.00,City4,Furniture
Product804,Seller5,1804,30.00,City5,Clothing
Product805,Seller6,1805,35.00,City6,Electronics
Product806,Seller7,1806,40.00,City7,Furniture
Product807,Seller8,1807,45.00,City8,Furniture
Product808,Seller9,1808,50.00,City9,Clothing
Product809,Seller10,1809,55.00,City10,Furniture
Product810,Seller1,1810,10.00,City11,Electronics
Product811,Seller2,1811,15.00,City12,Furniture
Product812,Seller3,1812,20.00,City13,Clothing
Product813,Seller4,1813,25.00,City14,Furniture
Product814,Seller5,1814,30.00,City15,Furniture
Product815,Seller6,1815,35.00,City16,Electronics
Product816,Seller7,1816,40.00,City17,Clothing
Product817,Seller8,1817,45.00,City18,Furniture
Product818,Seller9,1818,50.00,City19,Furniture
Product819,Seller10,1819,55.00,City20,Furniture
Product820,Seller1,1820,10.00,City1,Electronics
Product821,Seller2,1821,15.00,City2,Furniture
Product822,Seller3,1822,20.00,City3,Furniture
Product823,Seller4,1823,25.00,City4,Furniture
Product824,Seller5,1824,30.00,City5,Clothing
Product825,Seller6,1825,35.00,City6,Electronics
Product826,Seller7,1826,40.00,City7,Furniture
Product827,Seller8,1827,45.00,City8,Furniture
Product828,Seller9,1828,50.00,City9,Clothing
Product829,Seller10,1829,55.00,City10,Furniture
Product830,Seller1,1830,10.00,City11,Electronics
Product831,Seller2,1831,15.00,City12,Furniture
Product832,Seller3,1832,20.00,City13,Clothing
Product833,Seller4,1833,25.00,City14,Furniture
Product834,Seller5,1834,30.00,City15,Furniture
Product835,Seller6,1835,35.00,City16,Electronics
Product836,Seller7,1836,40.00,City17,Clothing
Product837,Seller8,1837,45.00,City18,Furniture
Product838,Seller9,1838,50.00,City19,Furniture
Product839,Seller10,1839,55.00,City20,Furniture
Product840,Seller1,1840,10.00,City1,Electronics
Product841,Seller2,1841,15.00,City2,Furniture
Product842,Seller3,1842,20.00,City3,Furniture
Product843,Seller4,1843,25.00,City4,Furniture
Product844,Seller5,1844,30.00,City5,Clothing
Product845,Seller6,1845,35.00,City6,Electronics
Product846,Seller7,1846,40.00,City7,Furniture
Product847,Seller8,1847,45.00,City8,Furniture
Product848,Seller9,1848,50.00,City9,Clothing
Product849,Seller10,1849,55.00,City10,Furniture
Product850,Seller1,1850,10.00,City11,Electronics
Product851,Seller2,1851,15.00,City12,Furniture
Product852,Seller3,1852,20.00,City13,Clothing
Product853,Seller4,1853,25.00,City14,Furniture
Product854,Seller5,1854,30.00,City15,Furniture
Product855,Seller6,1855,35.00,City16,Electronics
Product856,Seller7,1856,40.00,City17,Clothing
Product857,Seller8,1857,45.00,City18,Furniture
Product858,Seller9,1858,50.00,City19,Furniture
Product859,Seller10,1859,55.00,City20,Furniture
Product860,Seller1,1860,10.00,City1,Electronics
Product861,Seller2,1861,15.00,City2,Furniture
Product862,Seller3,1862,20.00,City3,Furniture
Product863,Seller4,1863,25.00,City4,Furniture
Product864,Seller5,1864,30.00,City5,Clothing
Product865,Seller6,1865,35.00,City6,Electronics
Product866,Seller7,1866,40.00,City7,Furniture
Product867,Seller8,1867,45.00,City8,Furniture
Product868,Seller9,1868,50.00,City9,Clothing
Product869,Seller10,1869,55.00,City10,Furniture
Product870,Seller1,1870,10.00,City11,Electronics
Product871,Seller2,1871,15.00,City12,Furniture
Product872,Seller3,1872,20.00,City13,Clothing
Product873,Seller4,1873,25.00,City14,Furniture
Product874,Seller5,1874,30.00,City15,Furniture
Product875,Seller6,1875,35.00,City16,Electronics
Product876,Seller7,1876,40.00,City17,Clothing
Product877,Seller8,1877,45.00,City18,Furniture
Product878,Seller9,1878,50.00,City19,Furniture
Product879,Seller10,1879,55.00,City20,Furniture
Product880,Seller1,1880,10.00,City1,Electronics
Product881,Seller2,1881,15.00,City2,Furniture
Product882,Seller3,1882,20.00,City3,Furniture
Product883,Seller4,1883,25.00,City4,Furniture
Product884,Seller5,1884,30.00,City5,Clothing
Product885,Seller6,1885,35.00,City6,Electronics
Product886,Seller7,1886,40.00,City7,Furniture
Product887,Seller8,1887,45.00,City8,Furniture
Product888,Seller9,1888,50.00,City9,Clothing
Product889,Seller10,1889,55.00,City10,Furniture
Product890,Seller1,1890,10.00,City11,Electronics
Product891,Seller2,1891,15.00,City12,Furniture
Product892,Seller3,1892,20.00,City13,Clothing
Product893,Seller4,1893,25.00,City14,Furniture
Product894,Seller5,1894,30.00,City15,Furniture
Product895,Seller6,1895,35.00,City16,Electronics
Product896,Seller7,1896,40.00,City17,Clothing
Product897,Seller8,1897,45.00,City18,Furniture
Product898,Seller9,1898,50.00,City19,Furniture
Product899,Seller10,1899,55.00,City20,Furniture
Product900,Seller1,1900,10.00,City1,Electronics
Product901,Seller2,1901,15.00,City2,Furniture
Product902,Seller3,1902,20.00,City3,Furniture
Product903,Seller4,1903,25.00,City4,Furniture
Product904,Seller5,1904,30.00,City5,Clothing
Product905,Seller6,1905,35.00,City6,Electronics
Product906,Seller7,1906,40.00,City7,Furniture
Product907,Seller8,1907,45.00,City8,Furniture
Product908,Seller9,1908,50.00,City9,Clothing
Product909,Seller10,1909,55.00,City10,Furniture
Product910,Seller1,1910,10.00,City11,Electronics
Product911,Seller2,1911,15.00,City12,Furniture
Product912,Seller3,1912,20.00,City13,Clothing
Product913,Seller4,1913,25.00,City14,Furniture
Product914,Seller5,1914,30.00,City15,Furniture
Product915,Seller6,1915,35.00,City16,Electronics
Product916,Seller7,1916,40.00,City17,Clothing
Product917,Seller8,1917,45.00,City18,Furniture
Product918,Seller9,1918,50.00,City19,Furniture
Product919,Seller10,1919,55.00,City20,Furniture
Product920,Seller1,1920,10.00,City1,Electronics
Product921,Seller2,1921,15.00,City2,Furniture
Product922,Seller3,1922,20.00,City3,Furniture
Product923,Seller4,1923,25.00,City4,Furniture
Product924,Seller5,1924,30.00,City5,Clothing
Product925,Seller6,1925,35.00,City6,Electronics
Product926,Seller7,1926,40.00,City7,Furniture
Product927,Seller8,1927,45.00,City8,Furniture
Product928,Seller9,1928,50.00,City9,Clothing
Product929,Seller10,1929,55.00,City10,Furniture
Product930,Seller1,1930,10.00,City11,Electronics
Product931,Seller2,1931,15.00,City12,Furniture
Product932,Seller3,1932,20.00,City13,Clothing
Product933,Seller4,1933,25.00,City14,Furniture
Product934,Seller5,1934,30.00,City15,Furniture
Product935,Seller6,1935,35.00,City16,Electronics
Product936,Seller7,1936,40.00,City17,Clothing
Product937,Seller8,1937,45.00,City18,Furniture
Product938,Seller9,1938,50.00,City19,Furniture
Product939,Seller10,1939,55.00,City20,Furniture
Product940,Seller1,1940,10.00,City1,Electronics
Product941,Seller2,1941,15.00,City2,Furniture
Product942,Seller3,1942,20.00,City3,Furniture
Product943,Seller4,1943,25.00,City4,Furniture
Product944,Seller5,1944,30.00,City5,Clothing
Product945,Seller6,1945,35.00,City6,Electronics
Product946,Seller7,1946,40.00,City7,Furniture
Product947,Seller8,1947,45.00,City8,Furniture
Product948,Seller9,1948,50.00,City9,Clothing
Product949,Seller10,1949,55.00,City10,Furniture
Product950,Seller1,1950,10.00,City11,Electronics
Product951,Seller2,1951,15.00,City12,Furniture
Product952,Seller3,1952,20.00,City13,Clothing
Product953,Seller4,1953,25.00,City14,Furniture
Product954,Seller5,1954,30.00,City15,Furniture
Product955,Seller6,1955,35.00,City16,Electronics
Product956,Seller7,1956,40.00,City17,Clothing
Product957,Seller8,1957,45.00,City18,Furniture
Product958,Seller9,1958,50.00,City19,Furniture
Product959,Seller10,1959,55.00,City20,Furniture
Product960,Seller1,1960,10.00,City1,Electronics
Product961,Seller2,1961,15.00,City2,Furniture
Product962,Seller3,1962,20.00,City3,Furniture
Product963,Seller4,1963,25.00,City4,Furniture
Product964,Seller5,1964,30.00,City5,Clothing
Product965,Seller6,1965,35.00,City6,Electronics
Product966,Seller7,1966,40.00,City7,Furniture
Product967,Seller8,1967,45.00,City8,Furniture
Product968,Seller9,1968,50.00,City9,Clothing
Product969,Seller10,1969,55.00,City10,Furniture
Product970,Seller1,1970,10.00,City11,Electronics
Product971,Seller2,1971,15.00,City12,Furniture
Product972,Seller3,1972,20.00,City13,Clothing
Product973,Seller4,1973,25.00,City14,Furniture
Product974,Seller5,1974,30.00,City15,Furniture
Product975,Seller6,1975,35.00,City16,Electronics
Product976,Seller7,1976,40.00,City17,Clothing
Product977,Seller8,1977,45.00,City18,Furniture
Product978,Seller9,1978,50.00,City19,Furniture
Product979,Seller10,1979,55.00,City20,Furniture
Product980,Seller1,1980,10.00,City1,Electronics
Product981,Seller2,1981,15.00,City2,Furniture
Product982,Seller3,1982,20.00,City3,Furniture
Product983,Seller4,1983,25.00,City4,Furniture
Product984,Seller5,1984,30.00,City5,Clothing
Product985,Seller6,1985,35.00,City6,Electronics
Product986,Seller7,1986,40.00,City7,Furniture
Product987,Seller8,1987,45.00,City8,Furniture
Product988,Seller9,1988,50.00,City9,Clothing
Product989,Seller10,1989,55.00,City10,Furniture
Product990,Seller1,1990,10.00,City11,Electronics
Product991,Seller2,1991,15.00,City12,Furniture
Product992,Seller3,1992,20.00,City13,Clothing
Product993,Seller4,1993,25.00,City14,Furniture
Product994,Seller5,1994,30.00,City15,Furniture
Product995,Seller6,1995,35.00,City16,Electronics
Product996,Seller7,1996,40.00,City17,Clothing
Product997,Seller8,1997,45.00,City18,Furniture
Product998,Seller9,1998,50.00,City19,Furniture
Product999,Seller10,1999,55.00,City20,Furniture
Product1000,Seller1,2000,10.00,City1,Electronics
Product1001,Seller2,2001,15.00,City2,Furniture
Product1002,Seller3,2002,20.00,City3,Furniture
Product1003,Seller4,2003,25.00,City4,Furniture
Product1004,Seller5,2004,30.00,City5,Clothing
Product1005,Seller6,2005,35.00,City6,Electronics
Product1006,Seller7,2006,40.00,City7,Furniture
Product1007,Seller8,2007,45.00,City8,Furniture
Product1008,Seller9,2008,50.00,City9,Clothing
Product1009,Seller10,2009,55.00,City10,Furniture
Product1010,Seller1,2010,10.00,City11,Electronics
Product1011,Seller2,2011,15.00,City12,Furniture
Product1012,Seller3,2012,20.00,City13,Clothing
Product1013,Seller4,2013,25.00,City14,Furniture
Product1014,Seller5,2014,30.00,City15,Furniture
Product1015,Seller6,2015,35.00,City16,Electronics
Product1016,Seller7,2016,40.00,City17,Clothing
Product1017,Seller8,2017,45.00,City18,Furniture
Product1018,Seller9,2018,50.00,City19,Furniture
Product1019,Seller10,2019,55.00,City20,Furniture
Product1020,Seller1,2020,10.00,City1,Electronics
Product1021,Seller2,2021,15.00,City2,Furniture
Product1022,Seller3,2022,20.00,City3,Furniture
Product1023,Seller4,2023,25.00,City4,Furniture
Product1024,Seller5,2024,30.00,City5,Clothing
Product1025,Seller6,2025,35.00,City6,Electronics
Product1026,Seller7,2026,40.00,City7,Furniture
Product1027,Seller8,2027,45.00,City8,Furniture
Product1028,Seller9,2028,50.00,City9,Clothing
Product1029,Seller10,2029,55.00,City10,Furniture
Product1030,Seller1,2030,10.00,City11,Electronics
Product1031,Seller2,2031,15.00,City12,Furniture
Product1032,Seller3,2032,20.00,City13,Clothing
Product1033,Seller4,2033,25.00,City14,Furniture
Product1034,Seller5,2034,30.00,City15,Furniture
Product1035,Seller6,2035,35.00,City16,Electronics
Product1036,Seller7,2036,40.00,City17,Clothing
Product1037,Seller8,2037,45.00,City18,Furniture
Product1038,Seller9,2038,50.00,City19,Furniture
Product1039,Seller10,2039,55.00,City20,Furniture
Product1040,Seller1,2040,10.00,City1,Electronics
Product1041,Seller2,2041,15.00,City2,Furniture
Product1042,Seller3,2042,20.00,City3,Furniture
Product1043,Seller4,2043,25.00,City4,Furniture
Product1044,Seller5,2044,30.00,City5,Clothing
Product1045,Seller6,2045,35.00,City6,Electronics
Product1046,Seller7,2046,40.00,City7,Furniture
Product1047,Seller8,2047,45.00,City8,Furniture
Product1048,Seller9,2048,50.00,City9,Clothing
Product1049,Seller10,2049,55.00,City10,Furniture
Product1050,Seller1,2050,10.00,City11,Electronics
Product1051,Seller2,2051,15.00,City12,Furniture
Product1052,Seller3,2052,20.00,City13,Clothing
Product1053,Seller4,2053,25.00,City14,Furniture
Product1054,Seller5,2054,30.00,City15,Furniture
Product1055,Seller6,2055,35.00,City16,Electronics
Product1056,Seller7,2056,40.00,City17,Clothing
Product1057,Seller8,2057,45.00,City18,Furniture
Product1058,Seller9,2058,50.00,City19,Furniture
Product1059,Seller10,2059,55.00,City20,Furniture
Product1060,Seller1,2060,10.00,City1,Electronics
Product1061,Seller2,2061,15.00,City2,Furniture
Product1062,Seller3,2062,20.00,City3,Furniture
Product1063,Seller4,2063,25.00,City4,Furniture
Product1064,Seller5,2064,30.00,City5,Clothing
Product1065,Seller6,2065,35.00,City6,Electronics
Product1066,Seller7,2066,40.00,City7,Furniture
Product1067,Seller8,2067,45.00,City8,Furniture
Product1068,Seller9,2068,50.00,City9,Clothing
Product1069,Seller10,2069,55.00,City10,Furniture
Product1070,Seller1,2070,10.00,City11,Electronics
Product1071,Seller2,2071,15.00,City12,Furniture
Product1072,Seller3,2072,20.00,City13,Clothing
Product1073,Seller4,2073,25.00,City14,Furniture
Product1074,Seller5,2074,30.00,City15,Furniture
Product1075,Seller6,2075,35.00,City16,Electronics
Product1076,Seller7,2076,40.00,City17,Clothing
Product1077,Seller8,2077,45.00,City18,Furniture
Product1078,Seller9,2078,50.00,City19,Furniture
Product1079,Seller10,2079,55.00,City20,Furniture
Product1080,Seller1,2080,10.00,City1,Electronics
Product1081,Seller2,2081,15.00,City2,Furniture
Product1082,Seller3,2082,20.00,City3,Furniture
Product1083,Seller4,2083,25.00,City4,Furniture
Product1084,Seller5,2084,30.00,City5,Clothing
Product1085,Seller6,2085,35.00,City6,Electronics
Product1086,Seller7,2086,40.00,City7,Furniture
Product1087,Seller8,2087,45.00,City8,Furniture
Product1088,Seller9,2088,50.00,City9,Clothing
Product1089,Seller10,2089,55.00,City10,Furniture
Product1090,Seller1,2090,10.00,City11,Electronics
Product1091,Seller2,2091,15.00,City12,Furniture
Product1092,Seller3,2092,20.00,City13,Clothing
Product1093,Seller4,2093,25.00,City14,Furniture
Product1094,Seller5,2094,30.00,City15,Furniture
Product1095,Seller6,2095,35.00,City16,Electronics
Product1096,Seller7,2096,40.00,City17,Clothing
Product1097,Seller8,2097,45.00,City18,Furniture
Product1098,Seller9,2098,50.00,City19,Furniture
Product1099,Seller10,2099,55.00,City20,Furniture
Product1100,Seller1,2100,10.00,City1,Electronics
Product1101,Seller2,2101,15.00,City2,Furniture
Product1102,Seller3,2102,20.00,City3,Furniture
Product1103,Seller4,2103,25.00,City4,Furniture
Product1104,Seller5,2104,30.00,City5,Clothing
Product1105,Seller6,2105,35.00,City6,Electronics
Product1106,Seller7,2106,40.00,City7,Furniture
Product1107,Seller8,2107,45.00,City8,Furniture
Product1108,Seller9,2108,50.00,City9,Clothing
Product1109,Seller10,2109,55.00,City10,Furniture
Product1110,Seller1,2110,10.00,City11,Electronics
Product1111,Seller2,2111,15.00,City12,Furniture
Product1112,Seller3,2112,20.00,City13,Clothing
Product1113,Seller4,2113,25.00,City14,Furniture
Product1114,Seller5,2114,30.00,City15,Furniture
Product1115,Seller6,2115,35.00,City16,Electronics
Product1116,Seller7,2116,40.00,City17,Clothing
Product1117,Seller8,2117,45.00,City18,Furniture
Product1118,Seller9,2118,50.00,City19,Furniture
Product1119,Seller10,2119,55.00,City20,Furniture
Product1120,Seller1,2120,10.00,City1,Electronics
Product1121,Seller2,2121,15.00,City2,Furniture
Product1122,Seller3,2122,20.00,City3,Furniture
Product1123,Seller4,2123,25.00,City4,Furniture
Product1124,Seller5,2124,30.00,City5,Clothing
Product1125,Seller6,2125,35.00,City6,Electronics
Product1126,Seller7,2126,40.00,City7,Furniture
Product1127,Seller8,2127,45.00,City8,Furniture
Product1128,Seller9,2128,50.00,City9,Clothing
Product1129,Seller10,2129,55.00,City10,Furniture
Product1130,Seller1,2130,10.00,City11,Electronics
Product1131,Seller2,2131,15.00,City12,Furniture
Product1132,Seller3,2132,20.00,City13,Clothing
Product1133,Seller4,2133,25.00,City14,Furniture
Product1134,Seller5,2134,30.00,City15,Furniture
Product1135,Seller6,2135,35.00,City16,Electronics
Product1136,Seller7,2136,40.00,City17,Clothing
Product1137,Seller8,2137,45.00,City18,Furniture
Product1138,Seller9,2138,50.00,City19,Furniture
Product1139,Seller10,2139,55.00,City20,Furniture
Product1140,Seller1,2140,10.00,City1,Electronics
Product1141,Seller2,2141,15.00,City2,Furniture
Product1142,Seller3,2142,20.00,City3,Furniture
Product1143,Seller4,2143,25.00,City4,Furniture
Product1144,Seller5,2144,30.00,City5,Clothing
Product1145,Seller6,2145,35.00,City6,Electronics
Product1146,Seller7,2146,40.00,City7,Furniture
Product1147,Seller8,2147,45.00,City8,Furniture
Product1148,Seller9,2148,50.00,City9,Clothing
Product1149,Seller10,2149,55.00,City10,Furniture
Product1150,Seller1,2150,10.00,City11,Electronics
Product1151,Seller2,2151,15.00,City12,Furniture
Product1152,Seller3,2152,20.00,City13,Clothing
Product1153,Seller4,2153,25.00,City14,Furniture
Product1154,Seller5,2154,30.00,City15,Furniture
Product1155,Seller6,2155,35.00,City16,Electronics
Product1156,Seller7,2156,40.00,City17,Clothing
Product1157,Seller8,2157,45.00,City18,Furniture
Product1158,Seller9,2158,50.00,City19,Furniture
Product1159,Seller10,2159,55.00,City20,Furniture
Product1160,Seller1,2160,10.00,City1,Electronics
Product1161,Seller2,2161,15.00,City2,Furniture
Product1162,Seller3,2162,20.00,City3,Furniture
Product1163,Seller4,2163,25.00,City4,Furniture
Product1164,Seller5,2164,30.00,City5,Clothing
Product1165,Seller6,2165,35.00,City6,Electronics
Product1166,Seller7,2166,40.00,City7,Furniture
Product1167,Seller8,2167,45.00,City8,Furniture
Product1168,Seller9,2168,50.00,City9,Clothing
Product1169,Seller10,2169,55.00,City10,Furniture
Product1170,Seller1,2170,10.00,City11,Electronics
Product1171,Seller2,2171,15.00,City12,Furniture
Product1172,Seller3,2172,20.00,City13,Clothing
Product1173,Seller4,2173,25.00,City14,Furniture
Product1174,Seller5,2174,30.00,City15,Furniture
Product1175,Seller6,2175,35.00,City16,Electronics
Product1176,Seller7,2176,40.00,City17,Clothing
Product1177,Seller8,2177,45.00,City18,Furniture
Product1178,Seller9,2178,50.00,City19,Furniture
Product1179,Seller10,2179,55.00,City20,Furniture
Product1180,Seller1,2180,10.00,City1,Electronics
Product1181,Seller2,2181,15.00,City2,Furniture
Product1182,Seller3,2182,20.00,City3,Furniture
Product1183,Seller4,2183,25.00,City4,Furniture
Product1184,Seller5,2184,30.00,City5,Clothing
Product1185,Seller6,2185,35.00,City6,Electronics
Product1186,Seller7,2186,40.00,City7,Furniture
Product1187,Seller8,2187,45.00,City8,Furniture
Product1188,Seller9,2188,50.00,City9,Clothing
Product1189,Seller10,2189,55.00,City10,Furniture
Product1190,Seller1,2190,10.00,City11,Electronics
Product1191,Seller2,2191,15.00,City12,Furniture
Product1192,Seller3,2192,20.00,City13,Clothing
Product1193,Seller4,2193,25.00,City14,Furniture
Product1194,Seller5,2194,30.00,City15,Furniture
Product1195,Seller6,2195,35.00,City16,Electronics
Product1196,Seller7,2196,40.00,City17,Clothing
Product1197,Seller8,2197,45.00,City18,Furniture
Product1198,Seller9,2198,50.00,City19,Furniture
Product1199,Seller10,2199,55.00,City20,Furniture
Product1200,Seller1,2200,10.00,City1,Electronics
Product1201,Seller2,2201,15.00,City2,Furniture
Product1202,Seller3,2202,20.00,City3,Furniture
Product1203,Seller4,2203,25.00,City4,Furniture
Product1204,Seller5,2204,30.00,City5,Clothing
Product1205,Seller6,2205,35.00,City6,Electronics
Product1206,Seller7,2206,40.00,City7,Furniture
Product1207,Seller8,2207,45.00,City8,Furniture
Product1208,Seller9,2208,50.00,City9,Clothing
Product1209,Seller10,2209,55.00,City10,Furniture
Product1210,Seller1,2210,10.00,City11,Electronics
Product1211,Seller2,2211,15.00,City12,Furniture
Product1212,Seller3,2212,20.00,City13,Clothing
Product1213,Seller4,2213,25.00,City14,Furniture
Product1214,Seller5,2214,30.00,City15,Furniture
Product1215,Seller6,2215,35.00,City16,Electronics
Product1216,Seller7,2216,40.00,City17,Clothing
Product1217,Seller8,2217,45.00,City18,Furniture
Product1218,Seller9,2218,50.00,City19,Furniture
Product1219,Seller10,2219,55.00,City20,Furniture
Product1220,Seller1,2220,10.00,City1,Electronics
Product1221,Seller2,2221,15.00,City2,Furniture
Product1222,Seller3,2222,20.00,City3,Furniture
Product1223,Seller4,2223,25.00,City4,Furniture
Product1224,Seller5,2224,30.00,City5,Clothing
Product1225,Seller6,2225,35.00,City6,Electronics
Product1226,Seller7,2226,40.00,City7,Furniture
Product1227,Seller8,2227,45.00,City8,Furniture
Product1228,Seller9,2228,50.00,City9,Clothing
Product1229,Seller10,2229,55.00,City10,Furniture
Product1230,Seller1,2230,10.00,City11,Electronics
Product1231,Seller2,2231,15.00,City12,Furniture
Product1232,Seller3,2232,20.00,City13,Clothing
Product1233,Seller4,2233,25.00,City14,Furniture
Product1234,Seller5,2234,30.00,City15,Furniture
Product1235,Seller6,2235,35.00,City16,Electronics
Product1236,Seller7,2236,40.00,City17,Clothing
Product1237,Seller8,2237,45.00,City18,Furniture
Product1238,Seller9,2238,50.00,City19,Furniture
Product1239,Seller10,2239,55.00,City20,Furniture
Product1240,Seller1,2240,10.00,City1,Electronics
Product1241,Seller2,2241,15.00,City2,Furniture
Product1242,Seller3,2242,20.00,City3,Furniture
Product1243,Seller4,2243,25.00,City4,Furniture
Product1244,Seller5,2244,30.00,City5,Clothing
Product1245,Seller6,2245,35.00,City6,Electronics
Product1246,Seller7,2246,40.00,City7,Furniture
Product1247,Seller8,2247,45.00,City8,Furniture
Product1248,Seller9,2248,50.00,City9,Clothing
Product1249,Seller10,2249,55.00,City10,Furniture
Product1250,Seller1,2250,10.00,City11,Electronics
Product1251,Seller2,2251,15.00,City12,Furniture
Product1252,Seller3,2252,20.00,City13,Clothing
Product1253,Seller4,2253,25.00,City14,Furniture
Product1254,Seller5,2254,30.00,City15,Furniture
Product1255,Seller6,2255,35.00,City16,Electronics
Product1256,Seller7,2256,40.00,City17,Clothing
Product1257,Seller8,2257,45.00,City18,Furniture
Product1258,Seller9,2258,50.00,City19,Furniture
Product1259,Seller10,2259,55.00,City20,Furniture
Product1260,Seller1,2260,10.00,City1,Electronics
Product1261,Seller2,2261,15.00,City2,Furniture
Product1262,Seller3,2262,20.00,City3,Furniture
Product1263,Seller4,2263,25.00,City4,Furniture
Product1264,Seller5,2264,30.00,City5,Clothing
Product1265,Seller6,2265,35.00,City6,Electronics
Product1266,Seller7,2266,40.00,City7,Furniture
Product1267,Seller8,2267,45.00,City8,Furniture
Product1268,Seller9,2268,50.00,City9,Clothing
Product1269,Seller10,2269,55.00,City10,Furniture
Product1270,Seller1,2270,10.00,City11,Electronics
Product1271,Seller2,2271,15.00,City12,Furniture
Product1272,Seller3,2272,20.00,City13,Clothing
Product1273,Seller4,2273,25.00,City14,Furniture
Product1274,Seller5,2274,30.00,City15,Furniture
Product1275,Seller6,2275,35.00,City16,Electronics
Product1276,Seller7,2276,40.00,City17,Clothing
Product1277,Seller8,2277,45.00,City18,Furniture
Product1278,Seller9,2278,50.00,City19,Furniture
Product1279,Seller10,2279,55.00,City20,Furniture
Product1280,Seller1,2280,10.00,City1,Electronics
Product1281,Seller2,2281,15.00,City2,Furniture
Product1282,Seller3,2282,20.00,City3,Furniture
Product1283,Seller4,2283,25.00,City4,Furniture
Product1284,Seller5,2284,30.00,City5,Clothing
Product1285,Seller6,2285,35.00,City6,Electronics
Product1286,Seller7,2286,40.00,City7,Furniture
Product1287,Seller8,2287,45.00,City8,Furniture
Product1288,Seller9,2288,50.00,City9,Clothing
Product1289,Seller10,2289,55.00,City10,Furniture
Product1290,Seller1,2290,10.00,City11,Electronics
Product1291,Seller2,2291,15.00,City12,Furniture
Product1292,Seller3,2292,20.00,City13,Clothing
Product1293,Seller4,2293,25.00,City14,Furniture
Product1294,Seller5,2294,30.00,City15,Furniture
Product1295,Seller6,2295,35.00,City16,Electronics
Product1296,Seller7,2296,40.00,City17,Clothing
Product1297,Seller8,2297,45.00,City18,Furniture
Product1298,Seller9,2298,50.00,City19,Furniture
Product1299,Seller10,2299,55.00,City20,Furniture
Product1300,Seller1,2300,10.00,City1,Electronics
Product1301,Seller2,2301,15.00,City2,Furniture
Product1302,Seller3,2302,20.00,City3,Furniture
Product1303,Seller4,2303,25.00,City4,Furniture
Product1304,Seller5,2304,30.00,City5,Clothing
Product1305,Seller6,2305,35.00,City6,Electronics
Product1306,Seller7,2306,40.00,City7,Furniture
Product1307,Seller8,2307,45.00,City8,Furniture
Product1308,Seller9,2308,50.00,City9,Clothing
Product1309,Seller10,2309,55.00,City10,Furniture
Product1310,Seller1,2310,10.00,City11,Electronics
Product1311,Seller2,2311,15.00,City12,Furniture
Product1312,Seller3,2312,20.00,City13,Clothing
Product1313,Seller4,2313,25.00,City14,Furniture
Product1314,Seller5,2314,30.00,City15,Furniture
Product1315,Seller6,2315,35.00,City16,Electronics
Product1316,Seller7,2316,40.00,City17,Clothing
Product1317,Seller8,2317,45.00,City18,Furniture
Product1318,Seller9,2318,50.00,City19,Furniture
Product1319,Seller10,2319,55.00,City20,Furniture
Product1320,Seller1,2320,10.00,City1,Electronics
Product1321,Seller2,2321,15.00,City2,Furniture
Product1322,Seller3,2322,20.00,City3,Furniture
Product1323,Seller4,2323,25.00,City4,Furniture
Product1324,Seller5,2324,30.00,City5,Clothing
Product1325,Seller6,2325,35.00,City6,Electronics
Product1326,Seller7,2326,40.00,City7,Furniture
Product1327,Seller8,2327,45.00,City8,Furniture
Product1328,Seller9,2328,50.00,City9,Clothing
Product1329,Seller10,2329,55.00,City10,Furniture
Product1330,Seller1,2330,10.00,City11,Electronics
Product1331,Seller2,2331,15.00,City12,Furniture
Product1332,Seller3,2332,20.00,City13,Clothing
Product1333,Seller4,2333,25.00,City14,Furniture
Product1334,Seller5,2334,30.00,City15,Furniture
Product1335,Seller6,2335,35.00,City16,Electronics
Product1336,Seller7,2336,40.00,City17,Clothing
Product1337,Seller8,2337,45.00,City18,Furniture
Product1338,Seller9,2338,50.00,City19,Furniture
Product1339,Seller10,2339,55.00,City20,Furniture
Product1340,Seller1,2340,10.00,City1,Electronics
Product1341,Seller2,2341,15.00,City2,Furniture
Product1342,Seller3,2342,20.00,City3,Furniture
Product1343,Seller4,2343,25.00,City4,Furniture
Product1344,Seller5,2344,30.00,City5,Clothing
Product1345,Seller6,2345,35.00,City6,Electronics
Product1346,Seller7,2346,40.00,City7,Furniture
Product1347,Seller8,2347,45.00,City8,Furniture
Product1348,Seller9,2348,50.00,City9,Clothing
Product1349,Seller10,2349,55.00,City10,Furniture
Product1350,Seller1,2350,10.00,City11,Electronics
Product1351,Seller2,2351,15.00,City12,Furniture
Product1352,Seller3,2352,20.00,City13,Clothing
Product1353,Seller4,2353,25.00,City14,Furniture
Product1354,Seller5,2354,30.00,City15,Furniture
Product1355,Seller6,2355,35.00,City16,Electronics
Product1356,Seller7,2356,40.00,City17,Clothing
Product1357,Seller8,2357,45.00,City18,Furniture
Product1358,Seller9,2358,50.00,City19,Furniture
Product1359,Seller10,2359,55.00,City20,Furniture
Product1360,Seller1,2360,10.00,City1,Electronics
Product1361,Seller2,2361,15.00,City2,Furniture
Product1362,Seller3,2362,20.00,City3,Furniture
Product1363,Seller4,2363,25.00,City4,Furniture
Product1364,Seller5,2364,30.00,City5,Clothing
Product1365,Seller6,2365,35.00,City6,Electronics
Product1366,Seller7,2366,40.00,City7,Furniture
Product1367,Seller8,2367,45.00,City8,Furniture
Product1368,Seller9,2368,50.00,City9,Clothing
Product1369,Seller10,2369,55.00,City10,Furniture
Product1370,Seller1,2370,10.00,City11,Electronics
Product1371,Seller2,2371,15.00,City12,Furniture
Product1372,Seller3,2372,20.00,City13,Clothing
Product1373,Seller4,2373,25.00,City14,Furniture
Product1374,Seller5,2374,30.00,City15,Furniture
Product1375,Seller6,2375,35.00,City16,Electronics
Product1376,Seller7,2376,40.00,City17,Clothing
Product1377,Seller8,2377,45.00,City18,Furniture
Product1378,Seller9,2378,50.00,City19,Furniture
Product1379,Seller10,2379,55.00,City20,Furniture
Product1380,Seller1,2380,10.00,City1,Electronics
Product1381,Seller2,2381,15.00,City2,Furniture
Product1382,Seller3,2382,20.00,City3,Furniture
Product1383,Seller4,2383,25.00,City4,Furniture
Product1384,Seller5,2384,30.00,City5,Clothing
Product1385,Seller6,2385,35.00,City6,Electronics
Product1386,Seller7,2386,40.00,City7,Furniture
Product1387,Seller8,2387,45.00,City8,Furniture
Product1388,Seller9,2388,50.00,City9,Clothing
Product1389,Seller10,2389,55.00,City10,Furniture
Product1390,Seller1,2390,10.00,City11,Electronics
Product1391,Seller2,2391,15.00,City12,Furniture
Product1392,Seller3,2392,20.00,City13,Clothing
Product1393,Seller4,2393,25.00,City14,Furniture
Product1394,Seller5,2394,30.00,City15,Furniture
Product1395,Seller6,2395,35.00,City16,Electronics
Product1396,Seller7,2396,40.00,City17,Clothing
Product1397,Seller8,2397,45.00,City18,Furniture
Product1398,Seller9,2398,50.00,City19,Furniture
Product1399,Seller10,2399,55.00,City20,Furniture
Product1400,Seller1,2400,10.00,City1,Electronics
Product1401,Seller2,2401,15.00,City2,Furniture
Product1402,Seller3,2402,20.00,City3,Furniture
Product1403,Seller4,2403,25.00,City4,Furniture
Product1404,Seller5,2404,30.00,City5,Clothing
Product1405,Seller6,2405,35.00,City6,Electronics
Product1406,Seller7,2406,40.00,City7,Furniture
Product1407,Seller8,2407,45.00,City8,Furniture
Product1408,Seller9,2408,50.00,City9,Clothing
Product1409,Seller10,2409,55.00,City10,Furniture
Product1410,Seller1,2410,10.00,City11,Electronics
Product1411,Seller2,2411,15.00,City12,Furniture
Product1412,Seller3,2412,20.00,City13,Clothing
Product1413,Seller4,2413,25.00,City14,Furniture
Product1414,Seller5,2414,30.00,City15,Furniture
Product1415,Seller6,2415,35.00,City16,Electronics
Product1416,Seller7,2416,40.00,City17,Clothing
Product1417,Seller8,2417,45.00,City18,Furniture
Product1418,Seller9,2418,50.00,City19,Furniture
Product1419,Seller10,2419,55.00,City20,Furniture
Product1420,Seller1,2420,10.00,City1,Electronics
Product1421,Seller2,2421,15.00,City2,Furniture
Product1422,Seller3,2422,20.00,City3,Furniture
Product1423,Seller4,2423,25.00,City4,Furniture
Product1424,Seller5,2424,30.00,City5,Clothing
Product1425,Seller6,2425,35.00,City6,Electronics
Product1426,Seller7,2426,40.00,City7,Furniture
Product1427,Seller8,2427,45.00,City8,Furniture
Product1428,Seller9,2428,50.00,City9,Clothing
Product1429,Seller10,2429,55.00,City10,Furniture
Product1430,Seller1,2430,10.00,City11,Electronics
Product1431,Seller2,2431,15.00,City12,Furniture
Product1432,Seller3,2432,20.00,City13,Clothing
Product1433,Seller4,2433,25.00,City14,Furniture
Product1434,Seller5,2434,30.00,City15,Furniture
Product1435,Seller6,2435,35.00,City16,Electronics
Product1436,Seller7,2436,40.00,City17,Clothing
Product1437,Seller8,2437,45.00,City18,Furniture
Product1438,Seller9,2438,50.00,City19,Furniture
Product1439,Seller10,2439,55.00,City20,Furniture
Product1440,Seller1,2440,10.00,City1,Electronics
Product1441,Seller2,2441,15.00,City2,Furniture
Product1442,Seller3,2442,20.00,City3,Furniture
Product1443,Seller4,2443,25.00,City4,Furniture
Product1444,Seller5,2444,30.00,City5,Clothing
Product1445,Seller6,2445,35.00,City6,Electronics
Product1446,Seller7,2446,40.00,City7,Furniture
Product1447,Seller8,2447,45.00,City8,Furniture
Product1448,Seller9,2448,50.00,City9,Clothing
Product1449,Seller10,2449,55.00,City10,Furniture
Product1450,Seller1,2450,10.00,City11,Electronics
Product1451,Seller2,2451,15.00,City12,Furniture
Product1452,Seller3,2452,20.00,City13,Clothing
Product1453,Seller4,2453,25.00,City14,Furniture
Product1454,Seller5,2454,30.00,City15,Furniture
Product1455,Seller6,2455,35.00,City16,Electronics
Product1456,Seller7,2456,40.00,City17,Clothing
Product1457,Seller8,2457,45.00,City18,Furniture
Product1458,Seller9,2458,50.00,City19,Furniture
Product1459,Seller10,2459,55.00,City20,Furniture
Product1460,Seller1,2460,10.00,City1,Electronics
Product1461,Seller2,2461,15.00,City2,Furniture
Product1462,Seller3,2462,20.00,City3,Furniture
Product1463,Seller4,2463,25.00,City4,Furniture
Product1464,Seller5,2464,30.00,City5,Clothing
Product1465,Seller6,2465,35.00,City6,Electronics
Product1466,Seller7,2466,40.00,City7,Furniture
Product1467,Seller8,2467,45.00,City8,Furniture
Product1468,Seller9,2468,50.00,City9,Clothing
Product1469,Seller10,2469,55.00,City10,Furniture
Product1470,Seller1,2470,10.00,City11,Electronics
Product1471,Seller2,2471,15.00,City12,Furniture
Product1472,Seller3,2472,20.00,City13,Clothing
Product1473,Seller4,2473,25.00,City14,Furniture
Product1474,Seller5,2474,30.00,City15,Furniture
Product1475,Seller6,2475,35.00,City16,Electronics
Product1476,Seller7,2476,40.00,City17,Clothing
Product1477,Seller8,2477,45.00,City18,Furniture
Product1478,Seller9,2478,50.00,City19,Furniture
Product1479,Seller10,2479,55.00,City20,Furniture
Product1480,Seller1,2480,10.00,City1,Electronics
Product1481,Seller2,2481,15.00,City2,Furniture
Product1482,Seller3,2482,20.00,City3,Furniture
Product1483,Seller4,2483,25.00,City4,Furniture
Product1484,Seller5,2484,30.00,City5,Clothing
Product1485,Seller6,2485,35.00,City6,Electronics
Product1486,Seller7,2486,40.00,City7,Furniture
Product1487,Seller8,2487,45.00,City8,Furniture
Product1488,Seller9,2488,50.00,City9,Clothing
Product1489,Seller10,2489,55.00,City10,Furniture
Product1490,Seller1,2490,10.00,City11,Electronics
Product1491,Seller2,2491,15.00,City12,Furniture
Product1492,Seller3,2492,20.00,City13,Clothing
Product1493,Seller4,2493,25.00,City14,Furniture
Product1494,Seller5,2494,30.00,City15,Furniture
Product1495,Seller6,2495,35.00,City16,Electronics
Product1496,Seller7,2496,40.00,City17,Clothing
Product1497,Seller8,2497,45.00,City18,Furniture
Product1498,Seller9,2498,50.00,City19,Furniture
Product1499,Seller10,2499,55.00,City20,Furniture
Product1500,Seller1,2500,10.00,City1,Electronics
Product1501,Seller2,2501,15.00,City2,Furniture
Product1502,Seller3,2502,20.00,City3,Furniture
Product1503,Seller4,2503,25.00,City4,Furniture
Product1504,Seller5,2504,30.00,City5,Clothing
Product1505,Seller6,2505,35.00,City6,Electronics
Product1506,Seller7,2506,40.00,City7,Furniture
Product1507,Seller8,2507,45.00,City8,Furniture
Product1508,Seller9,2508,50.00,City9,Clothing
Product1509,Seller10,2509,55.00,City10,Furniture
Product1510,Seller1,2510,10.00,City11,Electronics
Product1511,Seller2,2511,15.00,City12,Furniture
Product1512,Seller3,2512,20.00,City13,Clothing
Product1513,Seller4,2513,25.00,City14,Furniture
Product1514,Seller5,2514,30.00,City15,Furniture
Product1515,Seller6,2515,35.00,City16,Electronics
Product1516,Seller7,2516,40.00,City17,Clothing
Product1517,Seller8,2517,45.00,City18,Furniture
Product1518,Seller9,2518,50.00,City19,Furniture
Product1519,Seller10,2519,55.00,City20,Furniture
Product1520,Seller1,2520,10.00,City1,Electronics
Product1521,Seller2,2521,15.00,City2,Furniture
Product1522,Seller3,2522,20.00,City3,Furniture
Product1523,Seller4,2523,25.00,City4,Furniture
Product1524,Seller5,2524,30.00,City5,Clothing
Product1525,Seller6,2525,35.00,City6,Electronics
Product1526,Seller7,2526,40.00,City7,Furniture
Product1527,Seller8,2527,45.00,City8,Furniture
Product1528,Seller9,2528,50.00,City9,Clothing
Product1529,Seller10,2529,55.00,City10,Furniture
Product1530,Seller1,2530,10.00,City11,Electronics
Product1531,Seller2,2531,15.00,City12,Furniture
Product1532,Seller3,2532,20.00,City13,Clothing
Product1533,Seller4,2533,25.00,City14,Furniture
Product1534,Seller5,2534,30.00,City15,Furniture
Product1535,Seller6,2535,35.00,City16,Electronics
Product1536,Seller7,2536,40.00,City17,Clothing
Product1537,Seller8,2537,45.00,City18,Furniture
Product1538,Seller9,2538,50.00,City19,Furniture
Product1539,Seller10,2539,55.00,City20,Furniture
Product1540,Seller1,2540,10.00,City1,Electronics
Product1541,Seller2,2541,15.00,City2,Furniture
Product1542,Seller3,2542,20.00,City3,Furniture
Product1543,Seller4,2543,25.00,City4,Furniture
Product1544,Seller5,2544,30.00,City5,Clothing
Product1545,Seller6,2545,35.00,City6,Electronics
Product1546,Seller7,2546,40.00,City7,Furniture
Product1547,Seller8,2547,45.00,City8,Furniture
Product1548,Seller9,2548,50.00,City9,Clothing
Product1549,Seller10,2549,55.00,City10,Furniture
Product1550,Seller1,2550,10.00,City11,Electronics
Product1551,Seller2,2551,15.00,City12,Furniture
Product1552,Seller3,2552,20.00,City13,Clothing
Product1553,Seller4,2553,25.00,City14,Furniture
Product1554,Seller5,2554,30.00,City15,Furniture
Product1555,Seller6,2555,35.00,City16,Electronics
Product1556,Seller7,2556,40.00,City17,Clothing
Product1557,Seller8,2557,45.00,City18,Furniture
Product1558,Seller9,2558,50.00,City19,Furniture
Product1559,Seller10,2559,55.00,City20,Furniture
Product1560,Seller1,2560,10.00,City1,Electronics
Product1561,Seller2,2561,15.00,City2,Furniture
Product1562,Seller3,2562,20.00,City3,Furniture
Product1563,Seller4,2563,25.00,City4,Furniture
Product1564,Seller5,2564,30.00,City5,Clothing
Product1565,Seller6,2565,35.00,City6,Electronics
Product1566,Seller7,2566,40.00,City7,Furniture
Product1567,Seller8,2567,45.00,City8,Furniture
Product1568,Seller9,2568,50.00,City9,Clothing
Product1569,Seller10,2569,55.00,City10,Furniture
Product1570,Seller1,2570,10.00,City11,Electronics
Product1571,Seller2,2571,15.00,City12,Furniture
Product1572,Seller3,2572,20.00,City13,Clothing
Product1573,Seller4,2573,25.00,City14,Furniture
Product1574,Seller5,2574,30.00,City15,Furniture
Product1575,Seller6,2575,35.00,City16,Electronics
Product1576,Seller7,2576,40.00,City17,Clothing
Product1577,Seller8,2577,45.00,City18,Furniture
Product1578,Seller9,2578,50.00,City19,Furniture
Product1579,Seller10,2579,55.00,City20,Furniture
Product1580,Seller1,2580,10.00,City1,Electronics
Product1581,Seller2,2581,15.00,City2,Furniture
Product1582,Seller3,2582,20.00,City3,Furniture
Product1583,Seller4,2583,25.00,City4,Furniture
Product1584,Seller5,2584,30.00,City5,Clothing
Product1585,Seller6,2585,35.00,City6,Electronics
Product1586,Seller7,2586,40.00,City7,Furniture
Product1587,Seller8,2587,45.00,City8,Furniture
Product1588,Seller9,2588,50.00,City9,Clothing
Product1589,Seller10,2589,55.00,City10,Furniture
Product1590,Seller1,2590,10.00,City11,Electronics
Product1591,Seller2,2591,15.00,City12,Furniture
Product1592,Seller3,2592,20.00,City13,Clothing
Product1593,Seller4,2593,25.00,City14,Furniture
Product1594,Seller5,2594,30.00,City15,Furniture
Product1595,Seller6,2595,35.00,City16,Electronics
Product1596,Seller7,2596,40.00,City17,Clothing
Product1597,Seller8,2597,45.00,City18,Furniture
Product1598,Seller9,2598,50.00,City19,Furniture
Product1599,Seller10,2599,55.00,City20,Furniture
Product1600,Seller1,2600,10.00,City1,Electronics
Product1601,Seller2,2601,15.00,City2,Furniture
Product1602,Seller3,2602,20.00,City3,Furniture
Product1603,Seller4,2603,25.00,City4,Furniture
Product1604,Seller5,2604,30.00,City5,Clothing
Product1605,Seller6,2605,35.00,City6,Electronics
Product1606,Seller7,2606,40.00,City7,Furniture
Product1607,Seller8,2607,45.00,City8,Furniture
Product1608,Seller9,2608,50.00,City9,Clothing
Product1609,Seller10,2609,55.00,City10,Furniture
Product1610,Seller1,2610,10.00,City11,Electronics
Product1611,Seller2,2611,15.00,City12,Furniture
Product1612,Seller3,2612,20.00,City13,Clothing
Product1613,Seller4,2613,25.00,City14,Furniture
Product1614,Seller5,2614,30.00,City15,Furniture
Product1615,Seller6,2615,35.00,City16,Electronics
Product1616,Seller7,2616,40.00,City17,Clothing
Product1617,Seller8,2617,45.00,City18,Furniture
Product1618,Seller9,2618,50.00,City19,Furniture
Product1619,Seller10,2619,55.00,City20,Furniture
Product1620,Seller1,2620,10.00,City1,Electronics
Product1621,Seller2,2621,15.00,City2,Furniture
Product1622,Seller3,2622,20.00,City3,Furniture
Product1623,Seller4,2623,25.00,City4,Furniture
Product1624,Seller5,2624,30.00,City5,Clothing
Product1625,Seller6,2625,35.00,City6,Electronics
Product1626,Seller7,2626,40.00,City7,Furniture
Product1627,Seller8,2627,45.00,City8,Furniture
Product1628,Seller9,2628,50.00,City9,Clothing
Product1629,Seller10,2629,55.00,City10,Furniture
Product1630,Seller1,2630,10.00,City11,Electronics
Product1631,Seller2,2631,15.00,City12,Furniture
Product1632,Seller3,2632,20.00,City13,Clothing
Product1633,Seller4,2633,25.00,City14,Furniture
Product1634,Seller5,2634,30.00,City15,Furniture
Product1635,Seller6,2635,35.00,City16,Electronics
Product1636,Seller7,2636,40.00,City17,Clothing
Product1637,Seller8,2637,45.00,City18,Furniture
Product1638,Seller9,2638,50.00,City19,Furniture
Product1639,Seller10,2639,55.00,City20,Furniture
Product1640,Seller1,2640,10.00,City1,Electronics
Product1641,Seller2,2641,15.00,City2,Furniture
Product1642,Seller3,2642,20.00,City3,Furniture
Product1643,Seller4,2643,25.00,City4,Furniture
Product1644,Seller5,2644,30.00,City5,Clothing
Product1645,Seller6,2645,35.00,City6,Electronics
Product1646,Seller7,2646,40.00,City7,Furniture
Product1647,Seller8,2647,45.00,City8,Furniture
Product1648,Seller9,2648,50.00,City9,Clothing
Product1649,Seller10,2649,55.00,City10,Furniture
Product1650,Seller1,2650,10.00,City11,Electronics
Product1651,Seller2,2651,15.00,City12,Furniture
Product1652,Seller3,2652,20.00,City13,Clothing
Product1653,Seller4,2653,25.00,City14,Furniture
Product1654,Seller5,2654,30.00,City15,Furniture
Product1655,Seller6,2655,35.00,City16,Electronics
Product1656,Seller7,2656,40.00,City17,Clothing
Product1657,Seller8,2657,45.00,City18,Furniture
Product1658,Seller9,2658,50.00,City19,Furniture
Product1659,Seller10,2659,55.00,City20,Furniture
Product1660,Seller1,2660,10.00,City1,Electronics
Product1661,Seller2,2661,15.00,City2,Furniture
Product1662,Seller3,2662,20.00,City3,Furniture
Product1663,Seller4,2663,25.00,City4,Furniture
Product1664,Seller5,2664,30.00,City5,Clothing
Product1665,Seller6,2665,35.00,City6,Electronics
Product1666,Seller7,2666,40.00,City7,Furniture
Product1667,Seller8,2667,45.00,City8,Furniture
Product1668,Seller9,2668,50.00,City9,Clothing
Product1669,Seller10,2669,55.00,City10,Furniture
Product1670,Seller1,2670,10.00,City11,Electronics
Product1671,Seller2,2671,15.00,City12,Furniture
Product1672,Seller3,2672,20.00,City13,Clothing
Product1673,Seller4,2673,25.00,City14,Furniture
Product1674,Seller5,2674,30.00,City15,Furniture
Product1675,Seller6,2675,35.00,City16,Electronics
Product1676,Seller7,2676,40.00,City17,Clothing
Product1677,Seller8,2677,45.00,City18,Furniture
Product1678,Seller9,2678,50.00,City19,Furniture
Product1679,Seller10,2679,55.00,City20,Furniture
Product1680,Seller1,2680,10.00,City1,Electronics
Product1681,Seller2,2681,15.00,City2,Furniture
Product1682,Seller3,2682,20.00,City3,Furniture
Product1683,Seller4,2683,25.00,City4,Furniture
Product1684,Seller5,2684,30.00,City5,Clothing
Product1685,Seller6,2685,35.00,City6,Electronics
Product1686,Seller7,2686,40.00,City7,Furniture
Product1687,Seller8,2687,45.00,City8,Furniture
Product1688,Seller9,2688,50.00,City9,Clothing
Product1689,Seller10,2689,55.00,City10,Furniture
Product1690,Seller1,2690,10.00,City11,Electronics
Product1691,Seller2,2691,15.00,City12,Furniture
Product1692,Seller3,2692,20.00,City13,Clothing
Product1693,Seller4,2693,25.00,City14,Furniture
Product1694,Seller5,2694,30.00,City15,Furniture
Product1695,Seller6,2695,35.00,City16,Electronics
Product1696,Seller7,2696,40.00,City17,Clothing
Product1697,Seller8,2697,45.00,City18,Furniture
Product1698,Seller9,2698,50.00,City19,Furniture
Product1699,Seller10,2699,55.00,City20,Furniture
Product1700,Seller1,2700,10.00,City1,Electronics
Product1701,Seller2,2701,15.00,City2,Furniture
Product1702,Seller3,2702,20.00,City3,Furniture
Product1703,Seller4,2703,25.00,City4,Furniture
Product1704,Seller5,2704,30.00,City5,Clothing
Product1705,Seller6,2705,35.00,City6,Electronics
Product1706,Seller7,2706,40.00,City7,Furniture
Product1707,Seller8,2707,45.00,City8,Furniture
Product1708,Seller9,2708,50.00,City9,Clothing
Product1709,Seller10,2709,55.00,City10,Furniture
Product1710,Seller1,2710,10.00,City11,Electronics
Product1711,Seller2,2711,15.00,City12,Furniture
Product1712,Seller3,2712,20.00,City13,Clothing
Product1713,Seller4,2713,25.00,City14,Furniture
Product1714,Seller5,2714,30.00,City15,Furniture
Product1715,Seller6,2715,35.00,City16,Electronics
Product1716,Seller7,2716,40.00,City17,Clothing
Product1717,Seller8,2717,45.00,City18,Furniture
Product1718,Seller9,2718,50.00,City19,Furniture
Product1719,Seller10,2719,55.00,City20,Furniture
Product1720,Seller1,2720,10.00,City1,Electronics
Product1721,Seller2,2721,15.00,City2,Furniture
Product1722,Seller3,2722,20.00,City3,Furniture
Product1723,Seller4,2723,25.00,City4,Furniture
Product1724,Seller5,2724,30.00,City5,Clothing
Product1725,Seller6,2725,35.00,City6,Electronics
Product1726,Seller7,2726,40.00,City7,Furniture
Product1727,Seller8,2727,45.00,City8,Furniture
Product1728,Seller9,2728,50.00,City9,Clothing
Product1729,Seller10,2729,55.00,City10,Furniture
Product1730,Seller1,2730,10.00,City11,Electronics
Product1731,Seller2,2731,15.00,City12,Furniture
Product1732,Seller3,2732,20.00,City13,Clothing
Product1733,Seller4,2733,25.00,City14,Furniture
Product1734,Seller5,2734,30.00,City15,Furniture
Product1735,Seller6,2735,35.00,City16,Electronics
Product1736,Seller7,2736,40.00,City17,Clothing
Product1737,Seller8,2737,45.00,City18,Furniture
Product1738,Seller9,2738,50.00,City19,Furniture
Product1739,Seller10,2739,55.00,City20,Furniture
Product1740,Seller1,2740,10.00,City1,Electronics
Product1741,Seller2,2741,15.00,City2,Furniture
Product1742,Seller3,2742,20.00,City3,Furniture
Product1743,Seller4,2743,25.00,City4,Furniture
Product1744,Seller5,2744,30.00,City5,Clothing
Product1745,Seller6,2745,35.00,City6,Electronics
Product1746,Seller7,2746,40.00,City7,Furniture
Product1747,Seller8,2747,45.00,City8,Furniture
Product1748,Seller9,2748,50.00,City9,Clothing
Product1749,Seller10,2749,55.00,City10,Furniture
Product1750,Seller1,2750,10.00,City11,Electronics
Product1751,Seller2,2751,15.00,City12,Furniture
Product1752,Seller3,2752,20.00,City13,Clothing
Product1753,Seller4,2753,25.00,City14,Furniture
Product1754,Seller5,2754,30.00,City15,Furniture
Product1755,Seller6,2755,35.00,City16,Electronics
Product1756,Seller7,2756,40.00,City17,Clothing
Product1757,Seller8,2757,45.00,City18,Furniture
Product1758,Seller9,2758,50.00,City19,Furniture
Product1759,Seller10,2759,55.00,City20,Furniture
Product1760,Seller1,2760,10.00,City1,Electronics
Product1761,Seller2,2761,15.00,City2,Furniture
Product1762,Seller3,2762,20.00,City3,Furniture
Product1763,Seller4,2763,25.00,City4,Furniture
Product1764,Seller5,2764,30.00,City5,Clothing
Product1765,Seller6,2765,35.00,City6,Electronics
Product1766,Seller7,2766,40.00,City7,Furniture
Product1767,Seller8,2767,45.00,City8,Furniture
Product1768,Seller9,2768,50.00,City9,Clothing
Product1769,Seller10,2769,55.00,City10,Furniture
Product1770,Seller1,2770,10.00,City11,Electronics
Product1771,Seller2,2771,15.00,City12,Furniture
Product1772,Seller3,2772,20.00,City13,Clothing
Product1773,Seller4,2773,25.00,City14,Furniture
Product1774,Seller5,2774,30.00,City15,Furniture
Product1775,Seller6,2775,35.00,City16,Electronics
Product1776,Seller7,2776,40.00,City17,Clothing
Product1777,Seller8,2777,45.00,City18,Furniture
Product1778,Seller9,2778,50.00,City19,Furniture
Product1779,Seller10,2779,55.00,City20,Furniture
Product1780,Seller1,2780,10.00,City1,Electronics
Product1781,Seller2,2781,15.00,City2,Furniture
Product1782,Seller3,2782,20.00,City3,Furniture
Product1783,Seller4,2783,25.00,City4,Furniture
Product1784,Seller5,2784,30.00,City5,Clothing
Product1785,Seller6,2785,35.00,City6,Electronics
Product1786,Seller7,2786,40.00,City7,Furniture
Product1787,Seller8,2787,45.00,City8,Furniture
Product1788,Seller9,2788,50.00,City9,Clothing
Product1789,Seller10,2789,55.00,City10,Furniture
Product1790,Seller1,2790,10.00,City11,Electronics
Product1791,Seller2,2791,15.00,City12,Furniture
Product1792,Seller3,2792,20.00,City13,Clothing
Product1793,Seller4,2793,25.00,City14,Furniture
Product1794,Seller5,2794,30.00,City15,Furniture
Product1795,Seller6,2795,35.00,City16,Electronics
Product1796,Seller7,2796,40.00,City17,Clothing
Product1797,Seller8,2797,45.00,City18,Furniture
Product1798,Seller9,2798,50.00,City19,Furniture
Product1799,Seller10,2799,55.00,City20,Furniture
Product1800,Seller1,2800,10.00,City1,Electronics
Product1801,Seller2,2801,15.00,City2,Furniture
Product1802,Seller3,2802,20.00,City3,Furniture
Product1803,Seller4,2803,25.00,City4,Furniture
Product1804,Seller5,2804,30.00,City5,Clothing
Product1805,Seller6,2805,35.00,City6,Electronics
Product1806,Seller7,2806,40.00,City7,Furniture
Product1807,Seller8,2807,45.00,City8,Furniture
Product1808,Seller9,2808,50.00,City9,Clothing
Product1809,Seller10,2809,55.00,City10,Furniture
Product1810,Seller1,2810,10.00,City11,Electronics
Product1811,Seller2,2811,15.00,City12,Furniture
Product1812,Seller3,2812,20.00,City13,Clothing
Product1813,Seller4,2813,25.00,City14,Furniture
Product1814,Seller5,2814,30.00,City15,Furniture
Product1815,Seller6,2815,35.00,City16,Electronics
Product1816,Seller7,2816,40.00,City17,Clothing
Product1817,Seller8,2817,45.00,City18,Furniture
Product1818,Seller9,2818,50.00,City19,Furniture
Product1819,Seller10,2819,55.00,City20,Furniture
Product1820,Seller1,2820,10.00,City1,Electronics
Product1821,Seller2,2821,15.00,City2,Furniture
Product1822,Seller3,2822,20.00,City3,Furniture
Product1823,Seller4,2823,25.00,City4,Furniture
Product1824,Seller5,2824,30.00,City5,Clothing
Product1825,Seller6,2825,35.00,City6,Electronics
Product1826,Seller7,2826,40.00,City7,Furniture
Product1827,Seller8,2827,45.00,City8,Furniture
Product1828,Seller9,2828,50.00,City9,Clothing
Product1829,Seller10,2829,55.00,City10,Furniture
Product1830,Seller1,2830,10.00,City11,Electronics
Product1831,Seller2,2831,15.00,City12,Furniture
Product1832,Seller3,2832,20.00,City13,Clothing
Product1833,Seller4,2833,25.00,City14,Furniture
Product1834,Seller5,2834,30.00,City15,Furniture
Product1835,Seller6,2835,35.00,City16,Electronics
Product1836,Seller7,2836,40.00,City17,Clothing
Product1837,Seller8,2837,45.00,City18,Furniture
Product1838,Seller9,2838,50.00,City19,Furniture
Product1839,Seller10,2839,55.00,City20,Furniture
Product1840,Seller1,2840,10.00,City1,Electronics
Product1841,Seller2,2841,15.00,City2,Furniture
Product1842,Seller3,2842,20.00,City3,Furniture
Product1843,Seller4,2843,25.00,City4,Furniture
Product1844,Seller5,2844,30.00,City5,Clothing
Product1845,Seller6,2845,35.00,City6,Electronics
Product1846,Seller7,2846,40.00,City7,Furniture
Product1847,Seller8,2847,45.00,City8,Furniture
Product1848,Seller9,2848,50.00,City9,Clothing
Product1849,Seller10,2849,55.00,City10,Furniture
Product1850,Seller1,2850,10.00,City11,Electronics
Product1851,Seller2,2851,15.00,City12,Furniture
Product1852,Seller3,2852,20.00,City13,Clothing
Product1853,Seller4,2853,25.00,City14,Furniture
Product1854,Seller5,2854,30.00,City15,Furniture
Product1855,Seller6,2855,35.00,City16,Electronics
Product1856,Seller7,2856,40.00,City17,Clothing
Product1857,Seller8,2857,45.00,City18,Furniture
Product1858,Seller9,2858,50.00,City19,Furniture
Product1859,Seller10,2859,55.00,City20,Furniture
Product1860,Seller1,2860,10.00,City1,Electronics
Product1861,Seller2,2861,15.00,City2,Furniture
Product1862,Seller3,2862,20.00,City3,Furniture
Product1863,Seller4,2863,25.00,City4,Furniture
Product1864,Seller5,2864,30.00,City5,Clothing
Product1865,Seller6,2865,35.00,City6,Electronics
Product1866,Seller7,2866,40.00,City7,Furniture
Product1867,Seller8,2867,45.00,City8,Furniture
Product1868,Seller9,2868,50.00,City9,Clothing
Product1869,Seller10,2869,55.00,City10,Furniture
Product1870,Seller1,2870,10.00,City11,Electronics
Product1871,Seller2,2871,15.00,City12,Furniture
Product1872,Seller3,2872,20.00,City13,Clothing
Product1873,Seller4,2873,25.00,City14,Furniture
Product1874,Seller5,2874,30.00,City15,Furniture
Product1875,Seller6,2875,35.00,City16,Electronics
Product1876,Seller7,2876,40.00,City17,Clothing
Product1877,Seller8,2877,45.00,City18,Furniture
Product1878,Seller9,2878,50.00,City19,Furniture
Product1879,Seller10,2879,55.00,City20,Furniture
Product1880,Seller1,2880,10.00,City1,Electronics
Product1881,Seller2,2881,15.00,City2,Furniture
Product1882,Seller3,2882,20.00,City3,Furniture
Product1883,Seller4,2883,25.00,City4,Furniture
Product1884,Seller5,2884,30.00,City5,Clothing
Product1885,Seller6,2885,35.00,City6,Electronics
Product1886,Seller7,2886,40.00,City7,Furniture
Product1887,Seller8,2887,45.00,City8,Furniture
Product1888,Seller9,2888,50.00,City9,Clothing
Product1889,Seller10,2889,55.00,City10,Furniture
Product1890,Seller1,2890,10.00,City11,Electronics
Product1891,Seller2,2891,15.00,City12,Furniture
Product1892,Seller3,2892,20.00,City13,Clothing
Product1893,Seller4,2893,25.00,City14,Furniture
Product1894,Seller5,2894,30.00,City15,Furniture
Product1895,Seller6,2895,35.00,City16,Electronics
Product1896,Seller7,2896,40.00,City17,Clothing
Product1897,Seller8,2897,45.00,City18,Furniture
Product1898,Seller9,2898,50.00,City19,Furniture
Product1899,Seller10,2899,55.00,City20,Furniture
Product1900,Seller1,2900,10.00,City1,Electronics
Product1901,Seller2,2901,15.00,City2,Furniture
Product1902,Seller3,2902,20.00,City3,Furniture
Product1903,Seller4,2903,25.00,City4,Furniture
Product1904,Seller5,2904,30.00,City5,Clothing
Product1905,Seller6,2905,35.00,City6,Electronics
Product1906,Seller7,2906,40.00,City7,Furniture
Product1907,Seller8,2907,45.00,City8,Furniture
Product1908,Seller9,2908,50.00,City9,Clothing
Product1909,Seller10,2909,55.00,City10,Furniture
Product1910,Seller1,2910,10.00,City11,Electronics
Product1911,Seller2,2911,15.00,City12,Furniture
Product1912,Seller3,2912,20.00,City13,Clothing
Product1913,Seller4,2913,25.00,City14,Furniture
Product1914,Seller5,2914,30.00,City15,Furniture
Product1915,Seller6,2915,35.00,City16,Electronics
Product1916,Seller7,2916,40.00,City17,Clothing
Product1917,Seller8,2917,45.00,City18,Furniture
Product1918,Seller9,2918,50.00,City19,Furniture
Product1919,Seller10,2919,55.00,City20,Furniture
Product1920,Seller1,2920,10.00,City1,Electronics
Product1921,Seller2,2921,15.00,City2,Furniture
Product1922,Seller3,2922,20.00,City3,Furniture
Product1923,Seller4,2923,25.00,City4,Furniture
Product1924,Seller5,2924,30.00,City5,Clothing
Product1925,Seller6,2925,35.00,City6,Electronics
Product1926,Seller7,2926,40.00,City7,Furniture
Product1927,Seller8,2927,45.00,City8,Furniture
Product1928,Seller9,2928,50.00,City9,Clothing
Product1929,Seller10,2929,55.00,City10,Furniture
Product1930,Seller1,2930,10.00,City11,Electronics
Product1931,Seller2,2931,15.00,City12,Furniture
Product1932,Seller3,2932,20.00,City13,Clothing
Product1933,Seller4,2933,25.00,City14,Furniture
Product1934,Seller5,2934,30.00,City15,Furniture
Product1935,Seller6,2935,35.00,City16,Electronics
Product1936,Seller7,2936,40.00,City17,Clothing
Product1937,Seller8,2937,45.00,City18,Furniture
Product1938,Seller9,2938,50.00,City19,Furniture
Product1939,Seller10,2939,55.00,City20,Furniture
Product1940,Seller1,2940,10.00,City1,Electronics
Product1941,Seller2,2941,15.00,City2,Furniture
Product1942,Seller3,2942,20.00,City3,Furniture
Product1943,Seller4,2943,25.00,City4,Furniture
Product1944,Seller5,2944,30.00,City5,Clothing
Product1945,Seller6,2945,35.00,City6,Electronics
Product1946,Seller7,2946,40.00,City7,Furniture
Product1947,Seller8,2947,45.00,City8,Furniture
Product1948,Seller9,2948,50.00,City9,Clothing
Product1949,Seller10,2949,55.00,City10,Furniture
Product1950,Seller1,2950,10.00,City11,Electronics
Product1951,Seller2,2951,15.00,City12,Furniture
Product1952,Seller3,2952,20.00,City13,Clothing
Product1953,Seller4,2953,25.00,City14,Furniture
Product1954,Seller5,2954,30.00,City15,Furniture
Product1955,Seller6,2955,35.00,City16,Electronics
Product1956,Seller7,2956,40.00,City17,Clothing
Product1957,Seller8,2957,45.00,City18,Furniture
Product1958,Seller9,2958,50.00,City19,Furniture
Product1959,Seller10,2959,55.00,City20,Furniture
Product1960,Seller1,2960,10.00,City1,Electronics
Product1961,Seller2,2961,15.00,City2,Furniture
Product1962,Seller3,2962,20.00,City3,Furniture
Product1963,Seller4,2963,25.00,City4,Furniture
Product1964,Seller5,2964,30.00,City5,Clothing
Product1965,Seller6,2965,35.00,City6,Electronics
Product1966,Seller7,2966,40.00,City7,Furniture
Product1967,Seller8,2967,45.00,City8,Furniture
Product1968,Seller9,2968,50.00,City9,Clothing
Product1969,Seller10,2969,55.00,City10,Furniture
Product1970,Seller1,2970,10.00,City11,Electronics
Product1971,Seller2,2971,15.00,City12,Furniture
Product1972,Seller3,2972,20.00,City13,Clothing
Product1973,Seller4,2973,25.00,City14,Furniture
Product1974,Seller5,2974,30.00,City15,Furniture
Product1975,Seller6,2975,35.00,City16,Electronics
Product1976,Seller7,2976,40.00,City17,Clothing
Product1977,Seller8,2977,45.00,City18,Furniture
Product1978,Seller9,2978,50.00,City19,Furniture
Product1979,Seller10,2979,55.00,City20,Furniture
Product1980,Seller1,2980,10.00,City1,Electronics
Product1981,Seller2,2981,15.00,City2,Furniture
Product1982,Seller3,2982,20.00,City3,Furniture
Product1983,Seller4,2983,25.00,City4,Furniture
Product1984,Seller5,2984,30.00,City5,Clothing
Product1985,Seller6,2985,35.00,City6,Electronics
Product1986,Seller7,2986,40.00,City7,Furniture
Product1987,Seller8,2987,45.00,City8,Furniture
Product1988,Seller9,2988,50.00,City9,Clothing
Product1989,Seller10,2989,55.00,City10,Furniture
Product1990,Seller1,2990,10.00,City11,Electronics
Product1991,Seller2,2991,15.00,City12,Furniture
Product1992,Seller3,2992,20.00,City13,Clothing
Product1993,Seller4,2993,25.00,City14,Furniture
Product1994,Seller5,2994,30.00,City15,Furniture
Product1995,Seller6,2995,35.00,City16,Electronics
Product1996,Seller7,2996,40.00,City17,Clothing
Product1997,Seller8,2997,45.00,City18,Furniture
Product1998,Seller9,2998,50.00,City19,Furniture
Product1999,Seller10,2999,55.00,City20,Furniture
Product2000,Seller1,3000,10.00,City1,Electronics
